{"type":"FeatureCollection", "features": [
{"type":"Feature","geometry":{"type":"Polygon","coordinates":[[[78.198,27.403],[78.137,27.365],[78.082,27.392],[78.072,27.335],[78.043,27.346],[77.99,27.284],[77.951,27.283],[77.847,27.288],[77.781,27.233],[77.702,27.252],[77.648,27.241],[77.663,27.17],[77.623,27.169],[77.605,27.123],[77.553,27.11],[77.574,27.072],[77.567,27.043],[77.607,27.023],[77.665,27.017],[77.712,26.995],[77.7,26.973],[77.65,26.962],[77.588,26.925],[77.49,26.898],[77.425,26.837],[77.447,26.814],[77.436,26.78],[77.456,26.741],[77.528,26.816],[77.616,26.829],[77.68,26.868],[77.724,26.876],[77.732,26.917],[77.773,26.932],[77.88,26.9],[77.918,26.908],[78.051,26.91],[78.095,26.896],[78.148,26.951],[78.241,26.928],[78.261,26.899],[78.213,26.872],[78.218,26.83],[78.264,26.814],[78.291,26.858],[78.371,26.865],[78.394,26.822],[78.434,26.826],[78.467,26.789],[78.544,26.766],[78.611,26.75],[78.668,26.763],[78.686,26.787],[78.75,26.787],[78.779,26.758],[78.794,26.797],[78.852,26.809],[78.808,26.869],[78.783,26.865],[78.749,26.914],[78.676,26.917],[78.674,26.878],[78.593,26.925],[78.573,26.963],[78.516,26.957],[78.452,26.984],[78.433,27.041],[78.364,27.079],[78.227,27.076],[78.203,27.13],[78.22,27.157],[78.204,27.198],[78.22,27.24],[78.222,27.299],[78.286,27.313],[78.297,27.382],[78.226,27.406],[78.198,27.403]]]},"properties":{"code":"D146","name":"Agra","state":"UP"}},
{"type":"Feature","geometry":{"type":"Polygon","coordinates":[[[74.673,19.947],[74.574,19.955],[74.531,19.975],[74.48,19.966],[74.32,19.985],[74.25,19.937],[74.278,19.908],[74.365,19.871],[74.366,19.802],[74.334,19.799],[74.319,19.767],[74.276,19.776],[74.246,19.744],[74.164,19.725],[74.121,19.644],[74.071,19.66],[73.916,19.682],[73.901,19.741],[73.843,19.741],[73.781,19.656],[73.78,19.636],[73.713,19.614],[73.664,19.586],[73.62,19.587],[73.626,19.543],[73.7,19.505],[73.676,19.463],[73.691,19.439],[73.782,19.386],[73.801,19.395],[73.857,19.359],[73.884,19.376],[73.931,19.341],[74,19.358],[74.028,19.31],[74.027,19.269],[74.085,19.231],[74.229,19.205],[74.271,19.186],[74.236,19.123],[74.211,19.125],[74.175,19.042],[74.215,19.007],[74.223,18.976],[74.294,18.903],[74.311,18.853],[74.397,18.83],[74.386,18.808],[74.4,18.741],[74.425,18.749],[74.476,18.689],[74.476,18.648],[74.544,18.583],[74.573,18.532],[74.55,18.514],[74.58,18.473],[74.644,18.45],[74.664,18.489],[74.701,18.506],[74.727,18.48],[74.715,18.43],[74.735,18.398],[74.784,18.406],[74.808,18.386],[74.794,18.355],[74.834,18.339],[74.907,18.356],[74.916,18.377],[75.007,18.406],[75.016,18.437],[75.059,18.42],[75.093,18.434],[75.106,18.489],[75.135,18.526],[75.159,18.52],[75.24,18.543],[75.261,18.509],[75.314,18.519],[75.346,18.562],[75.423,18.535],[75.452,18.589],[75.491,18.626],[75.587,18.697],[75.504,18.723],[75.464,18.753],[75.398,18.831],[75.387,18.772],[75.327,18.798],[75.254,18.721],[75.214,18.737],[75.174,18.736],[75.159,18.65],[75.074,18.718],[74.967,18.825],[74.923,18.828],[74.898,18.879],[74.828,18.938],[74.843,18.968],[74.878,18.983],[74.917,18.96],[74.961,18.996],[74.952,19.033],[74.916,19.04],[74.922,19.088],[74.942,19.126],[74.981,19.111],[75.061,19.099],[75.097,19.079],[75.076,19.053],[75.209,19.034],[75.19,19.093],[75.218,19.111],[75.24,19.062],[75.264,19.07],[75.273,18.992],[75.339,18.988],[75.347,19.023],[75.287,19.032],[75.308,19.093],[75.41,19.079],[75.487,19.104],[75.454,19.126],[75.449,19.17],[75.405,19.199],[75.445,19.217],[75.464,19.252],[75.517,19.277],[75.542,19.308],[75.519,19.33],[75.535,19.375],[75.487,19.382],[75.479,19.421],[75.408,19.417],[75.366,19.397],[75.341,19.463],[75.266,19.529],[75.232,19.54],[75.194,19.593],[75.13,19.592],[75.038,19.624],[75,19.622],[74.97,19.646],[74.889,19.656],[74.853,19.648],[74.825,19.672],[74.789,19.65],[74.787,19.717],[74.73,19.699],[74.72,19.777],[74.692,19.769],[74.636,19.794],[74.598,19.773],[74.607,19.85],[74.648,19.861],[74.649,19.91],[74.673,19.947]]]},"properties":{"code":"D522","name":"Ahmadnagar","state":"MH"}},
{"type":"Feature","geometry":{"type":"MultiPolygon","coordinates":[[[[74.977,26.89],[74.983,26.941],[74.911,26.976],[74.852,26.975],[74.805,26.853],[74.774,26.849],[74.781,26.799],[74.749,26.77],[74.698,26.771],[74.665,26.711],[74.724,26.702],[74.722,26.676],[74.674,26.594],[74.619,26.566],[74.618,26.6],[74.593,26.629],[74.481,26.497],[74.429,26.486],[74.375,26.489],[74.337,26.443],[74.291,26.449],[74.305,26.383],[74.304,26.329],[74.254,26.286],[74.311,26.252],[74.365,26.291],[74.377,26.206],[74.303,26.185],[74.288,26.121],[74.221,26.042],[74.183,26.029],[74.131,25.963],[74.16,25.929],[74.117,25.866],[74.184,25.848],[74.197,25.854],[74.222,25.898],[74.258,25.867],[74.268,25.871],[74.232,25.934],[74.29,25.938],[74.293,25.981],[74.346,26.023],[74.391,26.005],[74.389,25.962],[74.435,25.924],[74.453,25.932],[74.52,25.912],[74.618,25.904],[74.724,25.917],[74.802,25.87],[74.905,25.881],[74.945,25.862],[75.017,25.856],[75.038,25.829],[75.01,25.807],[75.054,25.776],[75.072,25.733],[75.109,25.693],[75.149,25.72],[75.216,25.687],[75.261,25.698],[75.319,25.764],[75.34,25.811],[75.311,25.854],[75.264,25.853],[75.251,25.937],[75.307,25.941],[75.328,25.999],[75.355,26.019],[75.308,26.08],[75.34,26.131],[75.277,26.135],[75.246,26.078],[75.221,26.107],[75.188,26.11],[75.188,26.163],[75.159,26.183],[75.143,26.244],[75.113,26.285],[75.138,26.318],[75.13,26.397],[75.164,26.42],[75.17,26.462],[75.153,26.5],[75.116,26.523],[75.104,26.556],[75.062,26.556],[75.082,26.61],[75.068,26.651],[75,26.686],[74.966,26.683],[74.965,26.722],[74.941,26.75],[74.917,26.837],[74.957,26.847],[74.977,26.89]]],[[[74.056,25.829],[74.009,25.863],[73.944,25.831],[73.932,25.77],[73.907,25.74],[73.906,25.685],[73.949,25.651],[74.013,25.704],[74.017,25.747],[74.093,25.767],[74.056,25.829]]]]},"properties":{"code":"D119","name":"Ajmer","state":"RJ"}},
{"type":"Feature","geometry":{"type":"Polygon","coordinates":[[[77.616,20.76],[77.613,20.795],[77.571,20.808],[77.529,20.848],[77.477,20.862],[77.438,20.845],[77.337,20.846],[77.328,20.857],[77.174,20.855],[77.134,20.863],[77.173,21.023],[77.151,21.037],[77.176,21.075],[77.159,21.146],[77.183,21.204],[77.165,21.237],[77.08,21.217],[77.044,21.243],[77.006,21.207],[76.784,21.189],[76.772,21.181],[76.789,21.11],[76.774,21.089],[76.789,21.032],[76.778,21.003],[76.785,20.929],[76.747,20.928],[76.744,20.89],[76.763,20.856],[76.745,20.798],[76.771,20.787],[76.76,20.723],[76.735,20.715],[76.74,20.665],[76.789,20.592],[76.77,20.513],[76.717,20.514],[76.694,20.458],[76.727,20.407],[76.7,20.353],[76.793,20.315],[76.822,20.28],[76.837,20.3],[76.885,20.298],[76.9,20.341],[76.98,20.372],[77.018,20.413],[77.025,20.45],[77.055,20.448],[77.132,20.4],[77.195,20.411],[77.187,20.449],[77.225,20.448],[77.296,20.42],[77.301,20.447],[77.349,20.465],[77.329,20.499],[77.34,20.576],[77.401,20.581],[77.418,20.608],[77.467,20.61],[77.455,20.656],[77.522,20.732],[77.566,20.721],[77.591,20.757],[77.616,20.76]]]},"properties":{"code":"D501","name":"Akola","state":"MH"}},
{"type":"Feature","geometry":{"type":"Polygon","coordinates":[[[78.486,28.124],[78.429,28.094],[78.352,28.149],[78.307,28.118],[78.26,28.116],[78.144,28.071],[78.138,28.104],[78.05,28.13],[77.987,28.08],[77.92,28.094],[77.87,28.13],[77.845,28.172],[77.786,28.137],[77.736,28.123],[77.737,28.088],[77.697,28.079],[77.676,28.103],[77.674,28.108],[77.642,28.094],[77.609,28.108],[77.573,28.079],[77.479,28.078],[77.487,28.043],[77.545,27.988],[77.528,27.926],[77.557,27.912],[77.626,27.936],[77.644,27.965],[77.679,27.942],[77.715,27.943],[77.762,27.904],[77.834,27.753],[77.797,27.733],[77.794,27.684],[77.851,27.653],[77.872,27.575],[77.898,27.584],[77.994,27.621],[78.018,27.677],[78.006,27.696],[78.015,27.752],[78.062,27.787],[78.077,27.771],[78.162,27.774],[78.219,27.755],[78.204,27.73],[78.26,27.677],[78.466,27.827],[78.479,27.808],[78.517,27.811],[78.494,27.855],[78.531,27.904],[78.552,27.909],[78.6,27.98],[78.621,28.039],[78.577,28.078],[78.55,28.063],[78.504,28.093],[78.486,28.124]]]},"properties":{"code":"D143","name":"Aligarh","state":"UP"}},
{"type":"Feature","geometry":{"type":"Polygon","coordinates":[[[82.027,25.709],[82.013,25.746],[81.946,25.74],[81.918,25.714],[81.843,25.725],[81.806,25.749],[81.755,25.734],[81.751,25.669],[81.724,25.644],[81.66,25.612],[81.651,25.617],[81.639,25.63],[81.611,25.619],[81.607,25.613],[81.613,25.609],[81.614,25.593],[81.649,25.579],[81.667,25.513],[81.724,25.511],[81.76,25.477],[81.802,25.469],[81.819,25.409],[81.8,25.386],[81.795,25.377],[81.795,25.374],[81.816,25.342],[81.789,25.319],[81.762,25.342],[81.692,25.355],[81.636,25.351],[81.615,25.339],[81.599,25.323],[81.593,25.32],[81.552,25.293],[81.55,25.29],[81.549,25.287],[81.564,25.239],[81.526,25.235],[81.521,25.194],[81.527,25.194],[81.546,25.189],[81.548,25.184],[81.567,25.186],[81.575,25.192],[81.596,25.18],[81.628,25.152],[81.599,25.12],[81.64,25.1],[81.655,25.072],[81.725,25.05],[81.8,25.007],[81.838,25.016],[81.91,24.98],[81.919,24.918],[81.911,24.881],[81.963,24.836],[82.013,24.848],[82.073,24.821],[82.102,24.853],[82.138,24.884],[82.169,24.891],[82.242,24.963],[82.265,24.967],[82.305,25.019],[82.297,25.05],[82.327,25.076],[82.269,25.182],[82.205,25.19],[82.195,25.216],[82.222,25.276],[82.302,25.308],[82.319,25.343],[82.318,25.397],[82.353,25.419],[82.311,25.461],[82.305,25.495],[82.318,25.521],[82.329,25.498],[82.339,25.512],[82.329,25.525],[82.327,25.53],[82.327,25.533],[82.329,25.534],[82.33,25.536],[82.331,25.537],[82.326,25.543],[82.306,25.55],[82.29,25.544],[82.286,25.552],[82.266,25.564],[82.251,25.579],[82.235,25.586],[82.229,25.588],[82.183,25.581],[82.121,25.643],[82.141,25.652],[82.143,25.667],[82.152,25.67],[82.156,25.677],[82.156,25.679],[82.156,25.682],[82.144,25.684],[82.124,25.681],[82.125,25.663],[82.119,25.659],[82.111,25.654],[82.063,25.659],[82.027,25.709]]]},"properties":{"code":"D175","name":"Allahabad","state":"UP"}},
{"type":"Feature","geometry":{"type":"Polygon","coordinates":[[[76.863,28.22],[76.799,28.189],[76.8,28.152],[76.748,28.124],[76.719,28.127],[76.691,28.093],[76.657,28.087],[76.669,28.014],[76.607,28.005],[76.555,27.966],[76.539,27.974],[76.547,28.034],[76.464,28.042],[76.478,28.081],[76.506,28.102],[76.481,28.145],[76.368,28.139],[76.362,28.161],[76.316,28.179],[76.287,28.164],[76.364,28.124],[76.34,28.102],[76.362,28.061],[76.345,28.025],[76.259,28.066],[76.242,28.052],[76.185,28.055],[76.162,27.988],[76.187,27.968],[76.178,27.905],[76.214,27.843],[76.231,27.836],[76.268,27.835],[76.278,27.803],[76.246,27.761],[76.26,27.7],[76.247,27.627],[76.203,27.622],[76.217,27.553],[76.247,27.488],[76.234,27.418],[76.182,27.33],[76.16,27.313],[76.125,27.238],[76.185,27.185],[76.195,27.121],[76.281,27.18],[76.293,27.129],[76.288,27.087],[76.304,27.065],[76.364,27.056],[76.401,27.085],[76.409,27.126],[76.464,27.078],[76.494,27.114],[76.55,27.132],[76.562,27.175],[76.621,27.177],[76.644,27.095],[76.708,27.116],[76.808,27.105],[76.831,27.163],[76.851,27.173],[76.872,27.231],[76.91,27.207],[76.901,27.163],[76.937,27.139],[76.965,27.146],[77.096,27.171],[77.046,27.217],[77.123,27.252],[77.15,27.313],[77.203,27.326],[77.195,27.355],[77.141,27.346],[77.077,27.389],[77.046,27.377],[77.008,27.414],[76.96,27.427],[76.923,27.459],[76.925,27.49],[77.006,27.449],[77.055,27.475],[77.026,27.496],[77.049,27.548],[77.002,27.566],[76.987,27.535],[76.945,27.58],[76.936,27.612],[76.984,27.614],[76.979,27.652],[76.943,27.67],[76.897,27.714],[76.916,27.831],[76.935,27.829],[76.927,27.992],[76.955,28.066],[76.971,28.139],[76.93,28.157],[76.863,28.22]]]},"properties":{"code":"D104","name":"Alwar","state":"RJ"}},
{"type":"Feature","geometry":{"type":"Polygon","coordinates":[[[82.882,26.54],[82.814,26.574],[82.714,26.555],[82.665,26.605],[82.58,26.604],[82.479,26.652],[82.468,26.582],[82.431,26.546],[82.391,26.543],[82.379,26.573],[82.339,26.577],[82.311,26.503],[82.279,26.454],[82.221,26.407],[82.28,26.389],[82.387,26.375],[82.403,26.327],[82.47,26.283],[82.553,26.284],[82.582,26.257],[82.638,26.246],[82.68,26.255],[82.735,26.247],[82.78,26.194],[82.86,26.167],[82.861,26.208],[82.887,26.252],[82.874,26.311],[82.897,26.347],[82.885,26.383],[82.957,26.403],[82.969,26.355],[83.037,26.323],[83.049,26.291],[83.111,26.284],[83.115,26.356],[83.135,26.385],[83.071,26.408],[83.025,26.474],[82.882,26.54]]]},"properties":{"code":"D178","name":"Ambedkar Nagar","state":"UP"}},
{"type":"Feature","geometry":{"type":"Polygon","coordinates":[[[78.342,21.589],[78.323,21.574],[78.22,21.552],[78.185,21.557],[78.174,21.497],[78.068,21.437],[77.984,21.401],[77.903,21.377],[77.803,21.41],[77.797,21.389],[77.674,21.371],[77.65,21.391],[77.562,21.396],[77.531,21.419],[77.514,21.375],[77.49,21.376],[77.473,21.455],[77.442,21.471],[77.427,21.54],[77.508,21.552],[77.571,21.528],[77.611,21.541],[77.576,21.585],[77.562,21.666],[77.5,21.747],[77.453,21.761],[77.404,21.754],[77.28,21.757],[77.261,21.713],[77.21,21.692],[77.124,21.723],[77.065,21.713],[77.037,21.698],[77.021,21.688],[77,21.679],[76.894,21.598],[76.854,21.613],[76.836,21.591],[76.798,21.595],[76.782,21.56],[76.765,21.52],[76.794,21.488],[76.745,21.441],[76.734,21.407],[76.67,21.367],[76.628,21.328],[76.663,21.28],[76.724,21.289],[76.75,21.251],[76.766,21.194],[76.784,21.189],[77.006,21.207],[77.044,21.243],[77.08,21.217],[77.165,21.237],[77.183,21.204],[77.159,21.146],[77.176,21.075],[77.151,21.037],[77.173,21.023],[77.134,20.863],[77.174,20.855],[77.328,20.857],[77.337,20.846],[77.438,20.845],[77.477,20.862],[77.529,20.848],[77.571,20.808],[77.613,20.795],[77.616,20.76],[77.633,20.738],[77.636,20.668],[77.656,20.647],[77.631,20.567],[77.653,20.564],[77.667,20.58],[77.742,20.561],[77.772,20.54],[77.817,20.585],[77.866,20.595],[77.893,20.623],[77.919,20.605],[77.912,20.565],[77.971,20.587],[78.028,20.657],[78.064,20.673],[78.159,20.659],[78.213,20.689],[78.28,20.696],[78.311,20.735],[78.294,20.778],[78.3,20.811],[78.273,20.865],[78.238,20.896],[78.184,20.905],[78.146,20.952],[78.138,21.004],[78.152,21.047],[78.143,21.14],[78.093,21.181],[78.099,21.199],[78.055,21.249],[78.08,21.328],[78.105,21.355],[78.158,21.33],[78.251,21.329],[78.376,21.394],[78.402,21.384],[78.446,21.403],[78.435,21.5],[78.418,21.576],[78.382,21.594],[78.342,21.589]]]},"properties":{"code":"D503","name":"Amravati","state":"MH"}},
{"type":"Feature","geometry":{"type":"Polygon","coordinates":[[[85.395,21.185],[85.369,21.241],[85.313,21.264],[85.278,21.293],[85.329,21.324],[85.344,21.359],[85.305,21.414],[85.275,21.427],[85.334,21.482],[85.305,21.567],[85.268,21.624],[85.251,21.676],[85.194,21.663],[85.192,21.624],[85.151,21.594],[85.191,21.587],[85.216,21.554],[85.206,21.52],[85.157,21.46],[85.023,21.456],[84.996,21.415],[85.008,21.383],[85.008,21.29],[84.963,21.299],[84.904,21.253],[84.931,21.232],[84.95,21.176],[84.923,21.142],[84.881,21.165],[84.823,21.173],[84.801,21.134],[84.745,21.171],[84.726,21.149],[84.686,21.149],[84.671,21.086],[84.572,21.066],[84.535,21.089],[84.485,21.083],[84.416,21.002],[84.407,20.979],[84.283,20.927],[84.268,20.889],[84.352,20.842],[84.357,20.782],[84.426,20.742],[84.457,20.743],[84.536,20.698],[84.572,20.687],[84.638,20.625],[84.778,20.602],[84.794,20.581],[84.852,20.528],[84.898,20.58],[84.99,20.571],[85.027,20.587],[85.077,20.581],[85.093,20.611],[85.13,20.615],[85.137,20.639],[85.115,20.682],[85.154,20.723],[85.199,20.708],[85.216,20.749],[85.199,20.783],[85.256,20.799],[85.258,20.879],[85.245,20.96],[85.257,20.993],[85.168,21.053],[85.196,21.081],[85.233,21.071],[85.244,21.124],[85.269,21.17],[85.321,21.16],[85.384,21.17],[85.395,21.185]]]},"properties":{"code":"D384","name":"Anugul","state":"OD"}},
{"type":"Feature","geometry":{"type":"Polygon","coordinates":[[[79.759,26.783],[79.726,26.802],[79.665,26.865],[79.661,26.888],[79.611,26.892],[79.561,26.861],[79.463,26.903],[79.439,26.941],[79.394,26.926],[79.337,26.938],[79.339,26.872],[79.326,26.789],[79.339,26.735],[79.299,26.693],[79.316,26.652],[79.259,26.619],[79.232,26.54],[79.259,26.536],[79.288,26.482],[79.233,26.428],[79.293,26.442],[79.342,26.401],[79.436,26.431],[79.486,26.42],[79.504,26.364],[79.563,26.409],[79.601,26.482],[79.639,26.508],[79.642,26.606],[79.675,26.614],[79.723,26.666],[79.717,26.749],[79.759,26.783]]]},"properties":{"code":"D162","name":"Auraiya","state":"UP"}},
{"type":"Feature","geometry":{"type":"Polygon","coordinates":[[[75.89,20.563],[75.869,20.624],[75.843,20.618],[75.821,20.562],[75.759,20.614],[75.706,20.615],[75.706,20.662],[75.667,20.67],[75.662,20.629],[75.59,20.603],[75.559,20.613],[75.523,20.59],[75.526,20.561],[75.49,20.531],[75.451,20.54],[75.397,20.524],[75.391,20.58],[75.329,20.592],[75.286,20.568],[75.255,20.57],[75.24,20.522],[75.163,20.475],[75.161,20.437],[75.108,20.407],[75.126,20.357],[75.048,20.308],[75,20.337],[74.935,20.27],[74.924,20.154],[74.899,20.177],[74.856,20.177],[74.859,20.227],[74.816,20.244],[74.764,20.183],[74.723,20.187],[74.715,20.135],[74.738,20.082],[74.685,19.989],[74.673,19.947],[74.649,19.91],[74.648,19.861],[74.607,19.85],[74.598,19.773],[74.636,19.794],[74.692,19.769],[74.72,19.777],[74.73,19.699],[74.787,19.717],[74.789,19.65],[74.825,19.672],[74.853,19.648],[74.889,19.656],[74.97,19.646],[75,19.622],[75.038,19.624],[75.13,19.592],[75.194,19.593],[75.232,19.54],[75.266,19.529],[75.341,19.463],[75.366,19.397],[75.408,19.417],[75.479,19.421],[75.572,19.38],[75.61,19.381],[75.656,19.554],[75.652,19.595],[75.601,19.602],[75.591,19.638],[75.634,19.655],[75.636,19.734],[75.628,19.776],[75.653,19.815],[75.654,19.91],[75.63,20.001],[75.593,20.028],[75.589,20.102],[75.627,20.105],[75.649,20.191],[75.684,20.204],[75.676,20.24],[75.719,20.332],[75.756,20.328],[75.752,20.373],[75.765,20.451],[75.831,20.473],[75.89,20.563]]]},"properties":{"code":"D515","name":"Aurangabad","state":"MH"}},
{"type":"Feature","geometry":{"type":"Polygon","coordinates":[[[83.135,26.385],[83.115,26.356],[83.111,26.284],[83.049,26.291],[83.037,26.323],[82.969,26.355],[82.957,26.403],[82.885,26.383],[82.897,26.347],[82.874,26.311],[82.887,26.252],[82.861,26.208],[82.86,26.167],[82.78,26.194],[82.735,26.247],[82.68,26.255],[82.69,26.212],[82.682,26.151],[82.681,26.107],[82.722,26.042],[82.728,25.989],[82.761,25.931],[82.776,25.881],[82.758,25.837],[82.787,25.825],[82.825,25.771],[82.899,25.773],[82.946,25.704],[82.986,25.679],[83.004,25.708],[83.075,25.683],[83.067,25.651],[83.148,25.653],[83.185,25.673],[83.221,25.759],[83.269,25.776],[83.286,25.76],[83.346,25.814],[83.313,25.857],[83.332,25.933],[83.327,26.022],[83.381,26.042],[83.385,26.085],[83.422,26.139],[83.41,26.168],[83.471,26.258],[83.508,26.277],[83.441,26.271],[83.337,26.35],[83.288,26.358],[83.231,26.393],[83.163,26.397],[83.135,26.385]]]},"properties":{"code":"D191","name":"Azamgarh","state":"UP"}},
{"type":"Feature","geometry":{"type":"Polygon","coordinates":[[[76.241,16.165],[76.17,16.184],[76.141,16.18],[76.064,16.21],[76.067,16.259],[76.014,16.302],[75.959,16.298],[75.782,16.38],[75.725,16.39],[75.643,16.44],[75.61,16.446],[75.572,16.41],[75.553,16.456],[75.499,16.452],[75.493,16.42],[75.45,16.413],[75.435,16.437],[75.46,16.467],[75.456,16.506],[75.487,16.509],[75.49,16.6],[75.462,16.621],[75.439,16.697],[75.484,16.693],[75.492,16.745],[75.428,16.767],[75.388,16.762],[75.364,16.714],[75.288,16.712],[75.264,16.678],[75.267,16.636],[75.17,16.601],[75.158,16.53],[75.108,16.509],[75.066,16.54],[75.008,16.538],[74.993,16.508],[74.996,16.458],[75.028,16.432],[75.077,16.436],[75.073,16.403],[75.034,16.386],[75.034,16.337],[75.136,16.322],[75.127,16.288],[75.232,16.26],[75.239,16.207],[75.267,16.209],[75.291,16.17],[75.276,16.118],[75.416,16.109],[75.431,16.081],[75.416,16.052],[75.44,16],[75.426,15.921],[75.455,15.886],[75.501,15.87],[75.54,15.832],[75.663,15.837],[75.746,15.813],[75.78,15.817],[75.778,15.85],[75.846,15.838],[75.825,15.901],[75.852,15.935],[75.903,15.923],[75.945,15.865],[75.978,15.867],[75.976,15.982],[75.994,16.004],[76.086,15.992],[76.06,15.905],[76.118,15.885],[76.156,15.911],[76.228,15.939],[76.286,15.901],[76.328,15.931],[76.302,15.969],[76.312,15.997],[76.303,16.073],[76.246,16.111],[76.241,16.165]]]},"properties":{"code":"D556","name":"Bagalkot","state":"KA"}},
{"type":"Feature","geometry":{"type":"Polygon","coordinates":[[[77.507,29.19],[77.411,29.245],[77.355,29.239],[77.309,29.261],[77.207,29.274],[77.153,29.296],[77.14,29.268],[77.143,29.167],[77.135,29.096],[77.173,29.043],[77.225,29.001],[77.201,28.956],[77.227,28.895],[77.197,28.862],[77.228,28.83],[77.287,28.833],[77.308,28.791],[77.363,28.802],[77.413,28.782],[77.413,28.791],[77.409,28.875],[77.462,28.92],[77.477,28.961],[77.46,29.067],[77.432,29.086],[77.477,29.183],[77.507,29.19]]]},"properties":{"code":"D139","name":"Baghpat","state":"UP"}},
{"type":"Feature","geometry":{"type":"Polygon","coordinates":[[[81.75,27.948],[81.7,27.989],[81.633,28.003],[81.478,28.084],[81.484,28.114],[81.429,28.171],[81.331,28.138],[81.32,28.202],[81.24,28.281],[81.236,28.33],[81.215,28.358],[81.11,28.376],[81.058,28.404],[81.038,28.366],[81.062,28.343],[81.038,28.294],[81.069,28.235],[81.102,28.215],[81.128,28.169],[81.187,28.109],[81.159,28.068],[81.167,28.045],[81.28,27.943],[81.306,27.905],[81.279,27.884],[81.305,27.814],[81.295,27.784],[81.303,27.681],[81.32,27.638],[81.321,27.502],[81.351,27.427],[81.418,27.36],[81.412,27.337],[81.444,27.309],[81.442,27.171],[81.448,27.134],[81.507,27.059],[81.516,27.083],[81.608,27.141],[81.632,27.138],[81.67,27.239],[81.705,27.271],[81.685,27.32],[81.731,27.33],[81.713,27.402],[81.671,27.438],[81.708,27.496],[81.762,27.522],[81.767,27.559],[81.679,27.584],[81.684,27.635],[81.675,27.685],[81.691,27.718],[81.649,27.735],[81.64,27.816],[81.626,27.848],[81.669,27.88],[81.699,27.929],[81.75,27.948]]]},"properties":{"code":"D180","name":"Bahraich","state":"UP"}},
{"type":"Feature","geometry":{"type":"Polygon","coordinates":[[[91.783,26.494],[91.785,26.496],[91.789,26.499],[91.787,26.537],[91.746,26.59],[91.746,26.687],[91.708,26.811],[91.683,26.804],[91.628,26.82],[91.595,26.804],[91.482,26.791],[91.412,26.835],[91.384,26.801],[91.34,26.779],[91.266,26.804],[91.134,26.808],[91.093,26.818],[91.058,26.779],[90.959,26.783],[90.917,26.726],[90.898,26.67],[90.903,26.64],[90.824,26.56],[90.832,26.556],[90.832,26.541],[90.855,26.525],[90.854,26.523],[90.857,26.522],[90.86,26.521],[90.862,26.52],[90.876,26.525],[90.867,26.544],[90.869,26.569],[90.906,26.588],[90.939,26.539],[91.048,26.559],[91.098,26.518],[91.148,26.571],[91.148,26.645],[91.199,26.599],[91.239,26.619],[91.266,26.576],[91.311,26.574],[91.293,26.509],[91.293,26.504],[91.33,26.492],[91.351,26.519],[91.405,26.53],[91.472,26.579],[91.499,26.531],[91.546,26.576],[91.564,26.575],[91.571,26.572],[91.598,26.536],[91.641,26.513],[91.663,26.47],[91.711,26.461],[91.748,26.499],[91.783,26.494]]]},"properties":{"code":"D324","name":"Baksa","state":"AS"}},
{"type":"Feature","geometry":{"type":"Polygon","coordinates":[[[83.459,21.055],[83.428,21.032],[83.395,21.069],[83.325,21.055],[83.297,21.015],[83.335,20.984],[83.386,20.993],[83.383,20.943],[83.413,20.896],[83.304,20.853],[83.275,20.868],[83.254,20.919],[83.221,20.928],[83.194,20.898],[83.133,20.864],[82.993,20.849],[82.969,20.897],[82.93,20.888],[82.891,20.91],[82.835,20.864],[82.749,20.773],[82.738,20.725],[82.703,20.726],[82.743,20.623],[82.716,20.57],[82.707,20.5],[82.687,20.45],[82.732,20.384],[82.765,20.354],[82.806,20.384],[82.823,20.322],[82.814,20.295],[82.862,20.27],[82.849,20.196],[82.825,20.166],[82.911,20.148],[82.932,20.179],[83.013,20.17],[83.091,20.199],[83.146,20.17],[83.184,20.173],[83.226,20.205],[83.243,20.26],[83.3,20.303],[83.344,20.317],[83.412,20.373],[83.424,20.403],[83.488,20.454],[83.491,20.416],[83.571,20.388],[83.575,20.368],[83.625,20.351],[83.63,20.369],[83.656,20.37],[83.649,20.386],[83.65,20.388],[83.653,20.389],[83.654,20.39],[83.66,20.404],[83.658,20.413],[83.663,20.418],[83.666,20.42],[83.666,20.423],[83.659,20.426],[83.658,20.432],[83.622,20.449],[83.585,20.486],[83.606,20.53],[83.596,20.604],[83.622,20.631],[83.64,20.68],[83.678,20.742],[83.636,20.797],[83.599,20.801],[83.576,20.847],[83.58,20.873],[83.621,20.904],[83.626,20.985],[83.575,20.975],[83.509,20.983],[83.451,21.019],[83.459,21.055]]]},"properties":{"code":"D393","name":"Balangir","state":"OD"}},
{"type":"Feature","geometry":{"type":"Polygon","coordinates":[[[87.444,21.769],[87.378,21.771],[87.356,21.791],[87.285,21.804],[87.249,21.861],[87.239,21.9],[87.257,21.926],[87.239,21.959],[87.165,21.967],[87.165,21.939],[87.098,21.913],[87.099,21.865],[87.179,21.812],[87.16,21.768],[87.113,21.786],[87.102,21.751],[87.054,21.683],[87.012,21.648],[87,21.594],[86.952,21.573],[86.919,21.58],[86.891,21.622],[86.866,21.597],[86.813,21.607],[86.688,21.594],[86.652,21.565],[86.641,21.534],[86.585,21.521],[86.535,21.428],[86.428,21.332],[86.362,21.3],[86.371,21.239],[86.438,21.221],[86.464,21.159],[86.512,21.137],[86.562,21.148],[86.595,21.096],[86.646,21.082],[86.677,21.168],[86.747,21.18],[86.773,21.224],[86.805,21.231],[86.861,21.209],[86.947,21.352],[86.987,21.389],[87.041,21.419],[87.15,21.508],[87.238,21.537],[87.395,21.542],[87.448,21.587],[87.49,21.603],[87.472,21.651],[87.475,21.712],[87.447,21.734],[87.444,21.769]]]},"properties":{"code":"D377","name":"Baleshwar","state":"OD"}},
{"type":"Feature","geometry":{"type":"Polygon","coordinates":[[[84.058,26.097],[83.98,26.116],[83.958,26.132],[83.899,26.127],[83.864,26.185],[83.811,26.191],[83.785,26.164],[83.808,26.135],[83.795,26.108],[83.682,26.071],[83.689,26.009],[83.773,26.002],[83.799,25.923],[83.733,25.856],[83.819,25.783],[83.863,25.793],[83.884,25.763],[83.955,25.748],[83.948,25.675],[83.933,25.64],[83.946,25.59],[83.929,25.56],[84.023,25.614],[84.085,25.636],[84.078,25.694],[84.116,25.722],[84.176,25.72],[84.225,25.662],[84.327,25.67],[84.334,25.735],[84.39,25.733],[84.402,25.727],[84.41,25.698],[84.457,25.713],[84.475,25.684],[84.525,25.676],[84.567,25.699],[84.564,25.735],[84.604,25.738],[84.629,25.791],[84.555,25.84],[84.537,25.876],[84.459,25.888],[84.417,25.929],[84.36,25.957],[84.3,25.946],[84.21,25.998],[84.145,26.045],[84.1,26.094],[84.058,26.097]]]},"properties":{"code":"D193","name":"Ballia","state":"UP"}},
{"type":"Feature","geometry":{"type":"Polygon","coordinates":[[[82.741,27.502],[82.755,27.583],[82.744,27.632],[82.716,27.662],[82.72,27.688],[82.691,27.716],[82.633,27.711],[82.566,27.689],[82.459,27.676],[82.388,27.714],[82.349,27.753],[82.3,27.775],[82.209,27.844],[82.201,27.807],[82.145,27.767],[82.13,27.702],[82.095,27.67],[82.078,27.627],[82.045,27.614],[82.036,27.57],[82.061,27.498],[82.056,27.451],[82.077,27.411],[82.116,27.37],[82.279,27.275],[82.315,27.218],[82.288,27.199],[82.239,27.223],[82.217,27.179],[82.258,27.151],[82.339,27.054],[82.412,27.078],[82.443,27.129],[82.48,27.156],[82.44,27.173],[82.484,27.204],[82.556,27.183],[82.553,27.219],[82.514,27.218],[82.512,27.28],[82.481,27.321],[82.493,27.36],[82.543,27.372],[82.557,27.399],[82.599,27.421],[82.669,27.407],[82.761,27.432],[82.721,27.471],[82.741,27.502]]]},"properties":{"code":"D182","name":"Balrampur","state":"UP"}},
{"type":"Feature","geometry":{"type":"Polygon","coordinates":[[[81.022,25.544],[81.034,25.592],[81.02,25.633],[80.971,25.609],[80.948,25.621],[80.937,25.687],[80.863,25.676],[80.848,25.72],[80.767,25.684],[80.72,25.681],[80.654,25.702],[80.591,25.71],[80.556,25.735],[80.576,25.783],[80.523,25.777],[80.469,25.81],[80.482,25.833],[80.536,25.835],[80.556,25.867],[80.457,25.899],[80.389,25.911],[80.35,25.899],[80.353,25.87],[80.302,25.843],[80.262,25.806],[80.276,25.768],[80.305,25.761],[80.347,25.717],[80.304,25.693],[80.317,25.645],[80.276,25.62],[80.215,25.554],[80.223,25.501],[80.191,25.442],[80.139,25.456],[80.121,25.407],[80.104,25.347],[80.135,25.336],[80.197,25.402],[80.253,25.4],[80.282,25.421],[80.317,25.387],[80.32,25.278],[80.41,25.217],[80.432,25.17],[80.395,25.159],[80.356,25.126],[80.353,25.054],[80.29,25.056],[80.275,25.026],[80.322,24.999],[80.376,25.021],[80.402,25.068],[80.468,25.066],[80.434,25.027],[80.481,24.976],[80.514,25.04],[80.587,25.084],[80.603,25.151],[80.682,25.05],[80.723,25.064],[80.689,25.131],[80.72,25.189],[80.767,25.205],[80.751,25.251],[80.783,25.262],[80.78,25.33],[80.831,25.347],[80.864,25.374],[80.888,25.42],[80.931,25.442],[80.944,25.469],[80.988,25.477],[81.027,25.504],[81.022,25.544]]]},"properties":{"code":"D170","name":"Banda","state":"UP"}},
{"type":"Feature","geometry":{"type":"Polygon","coordinates":[[[77.387,13.5],[77.351,13.453],[77.34,13.33],[77.309,13.31],[77.231,13.311],[77.223,13.268],[77.189,13.272],[77.205,13.184],[77.224,13.149],[77.271,13.132],[77.31,13.103],[77.331,12.973],[77.38,12.994],[77.402,13.07],[77.405,13.113],[77.43,13.163],[77.462,13.16],[77.48,13.221],[77.548,13.231],[77.599,13.189],[77.62,13.205],[77.729,13.188],[77.742,13.122],[77.786,13.028],[77.767,12.938],[77.824,12.907],[77.835,12.868],[77.869,12.867],[77.855,12.892],[77.876,12.943],[77.872,12.976],[77.897,13.052],[77.932,13.073],[77.903,13.099],[77.958,13.124],[77.966,13.243],[77.926,13.238],[77.872,13.232],[77.811,13.261],[77.828,13.326],[77.754,13.361],[77.7,13.335],[77.66,13.355],[77.663,13.379],[77.592,13.421],[77.556,13.417],[77.506,13.456],[77.446,13.462],[77.387,13.5]]]},"properties":{"code":"D583","name":"Bangalore Rural","state":"KA"}},
{"type":"Feature","geometry":{"type":"Polygon","coordinates":[[[77.835,12.868],[77.824,12.907],[77.767,12.938],[77.786,13.028],[77.742,13.122],[77.729,13.188],[77.62,13.205],[77.599,13.189],[77.548,13.231],[77.48,13.221],[77.462,13.16],[77.43,13.163],[77.405,13.113],[77.402,13.07],[77.38,12.994],[77.331,12.973],[77.345,12.937],[77.349,12.867],[77.378,12.853],[77.413,12.876],[77.467,12.809],[77.478,12.754],[77.618,12.706],[77.599,12.657],[77.664,12.683],[77.678,12.66],[77.76,12.696],[77.768,12.738],[77.835,12.868]]]},"properties":{"code":"D572","name":"Bangalore","state":"KA"}},
{"type":"Feature","geometry":{"type":"Polygon","coordinates":[[[74.773,23.54],[74.773,23.589],[74.722,23.615],[74.672,23.666],[74.643,23.641],[74.599,23.63],[74.52,23.637],[74.532,23.673],[74.528,23.734],[74.557,23.742],[74.551,23.826],[74.513,23.844],[74.526,23.883],[74.48,23.924],[74.434,23.906],[74.384,23.906],[74.318,23.857],[74.239,23.814],[74.154,23.787],[74.121,23.711],[74.136,23.692],[74.118,23.61],[74.071,23.599],[74.032,23.544],[74.012,23.441],[73.959,23.38],[74.001,23.334],[74.021,23.331],[74.046,23.293],[74.104,23.292],[74.133,23.263],[74.124,23.177],[74.18,23.15],[74.205,23.19],[74.247,23.176],[74.286,23.117],[74.28,23.093],[74.32,23.06],[74.389,23.11],[74.465,23.083],[74.534,23.099],[74.544,23.13],[74.606,23.142],[74.668,23.199],[74.714,23.192],[74.74,23.227],[74.7,23.269],[74.631,23.261],[74.614,23.282],[74.547,23.284],[74.532,23.32],[74.544,23.361],[74.571,23.381],[74.572,23.417],[74.612,23.459],[74.742,23.517],[74.773,23.54]]]},"properties":{"code":"D125","name":"Banswara","state":"RJ"}},
{"type":"Feature","geometry":{"type":"Polygon","coordinates":[[[81.719,26.92],[81.718,26.92],[81.726,26.957],[81.658,26.962],[81.655,27.004],[81.602,27.021],[81.56,27.05],[81.507,27.059],[81.448,27.134],[81.442,27.171],[81.444,27.309],[81.412,27.337],[81.392,27.325],[81.377,27.27],[81.321,27.273],[81.297,27.337],[81.227,27.321],[81.244,27.284],[81.184,27.246],[81.118,27.275],[81.077,27.228],[80.966,27.221],[80.927,27.19],[80.929,27.159],[80.979,27.138],[81.012,27.141],[81.052,27.09],[81,27.075],[81,27],[81.03,26.985],[81.043,26.939],[81.082,26.909],[81.102,26.87],[81.094,26.838],[81.157,26.814],[81.159,26.776],[81.189,26.761],[81.219,26.706],[81.17,26.648],[81.184,26.619],[81.166,26.593],[81.19,26.604],[81.283,26.57],[81.316,26.539],[81.357,26.546],[81.383,26.587],[81.417,26.564],[81.462,26.571],[81.49,26.539],[81.542,26.521],[81.575,26.609],[81.564,26.628],[81.561,26.641],[81.549,26.64],[81.545,26.642],[81.55,26.665],[81.581,26.682],[81.585,26.766],[81.608,26.809],[81.616,26.869],[81.637,26.883],[81.703,26.88],[81.718,26.902],[81.72,26.91],[81.719,26.92]]]},"properties":{"code":"D176","name":"Bara Banki","state":"UP"}},
{"type":"Feature","geometry":{"type":"Polygon","coordinates":[[[83.8,21.566],[83.727,21.631],[83.705,21.689],[83.656,21.72],[83.56,21.743],[83.527,21.673],[83.49,21.643],[83.448,21.652],[83.388,21.616],[83.37,21.576],[83.349,21.488],[83.357,21.447],[83.401,21.403],[83.382,21.343],[83.277,21.378],[83.25,21.28],[83.221,21.254],[83.226,21.227],[83.2,21.143],[83.127,21.105],[83.048,21.122],[82.987,21.161],[82.91,21.166],[82.887,21.152],[82.847,21.167],[82.789,21.144],[82.765,21.162],[82.643,21.152],[82.639,21.09],[82.661,21.076],[82.694,21.022],[82.701,20.94],[82.686,20.884],[82.692,20.773],[82.703,20.726],[82.738,20.725],[82.749,20.773],[82.835,20.864],[82.891,20.91],[82.93,20.888],[82.969,20.897],[82.993,20.849],[83.133,20.864],[83.194,20.898],[83.221,20.928],[83.254,20.919],[83.275,20.868],[83.304,20.853],[83.413,20.896],[83.383,20.943],[83.386,20.993],[83.335,20.984],[83.297,21.015],[83.325,21.055],[83.395,21.069],[83.428,21.032],[83.459,21.055],[83.493,21.042],[83.6,21.111],[83.614,21.129],[83.718,21.121],[83.782,21.155],[83.8,21.116],[83.852,21.106],[83.896,21.178],[83.913,21.246],[83.872,21.311],[83.881,21.39],[83.85,21.416],[83.887,21.439],[83.847,21.527],[83.8,21.566]]]},"properties":{"code":"D370","name":"Bargarh","state":"OD"}},
{"type":"Feature","geometry":{"type":"Polygon","coordinates":[[[76.859,25.325],[76.775,25.307],[76.708,25.343],[76.686,25.341],[76.641,25.375],[76.607,25.384],[76.579,25.432],[76.562,25.414],[76.449,25.399],[76.441,25.379],[76.371,25.389],[76.331,25.374],[76.288,25.247],[76.254,25.238],[76.255,25.189],[76.235,25.16],[76.218,25.084],[76.248,25.041],[76.324,24.959],[76.34,24.984],[76.421,24.977],[76.452,24.923],[76.487,24.92],[76.575,24.858],[76.557,24.804],[76.49,24.822],[76.443,24.783],[76.477,24.669],[76.531,24.662],[76.522,24.59],[76.538,24.569],[76.537,24.514],[76.579,24.492],[76.58,24.464],[76.636,24.414],[76.676,24.439],[76.706,24.408],[76.757,24.448],[76.801,24.433],[76.845,24.438],[76.856,24.465],[76.819,24.53],[76.85,24.546],[76.923,24.531],[76.919,24.483],[76.965,24.456],[76.997,24.469],[77.055,24.522],[77.069,24.559],[77.064,24.638],[77.024,24.71],[76.977,24.727],[76.968,24.755],[76.926,24.744],[76.85,24.747],[76.851,24.765],[76.807,24.822],[76.842,24.836],[76.9,24.835],[76.954,24.868],[76.93,24.906],[76.877,24.95],[76.874,25.006],[76.906,25.029],[76.974,25.051],[76.989,25.073],[77.082,25.053],[77.163,25.083],[77.175,25.109],[77.268,25.114],[77.308,25.079],[77.392,25.117],[77.396,25.183],[77.412,25.221],[77.355,25.267],[77.381,25.301],[77.35,25.383],[77.367,25.408],[77.311,25.431],[77.226,25.368],[77.224,25.326],[77.159,25.308],[77.081,25.335],[77.03,25.296],[76.964,25.292],[76.859,25.325]]]},"properties":{"code":"D128","name":"Baran","state":"RJ"}},
{"type":"Feature","geometry":{"type":"Polygon","coordinates":[[[79.643,28.853],[79.545,28.884],[79.519,28.857],[79.423,28.85],[79.407,28.879],[79.407,28.837],[79.385,28.794],[79.388,28.757],[79.304,28.719],[79.286,28.68],[79.239,28.639],[79.222,28.572],[79.183,28.557],[79.14,28.49],[79.078,28.483],[79.038,28.438],[79,28.431],[79,28.385],[79.051,28.374],[79.101,28.277],[79.095,28.247],[79.118,28.204],[79.196,28.175],[79.214,28.188],[79.272,28.164],[79.314,28.177],[79.336,28.154],[79.388,28.175],[79.424,28.169],[79.499,28.108],[79.498,28.02],[79.529,28.059],[79.586,28.091],[79.63,28.084],[79.638,28.122],[79.621,28.149],[79.666,28.214],[79.685,28.263],[79.678,28.306],[79.701,28.376],[79.744,28.466],[79.747,28.507],[79.685,28.529],[79.676,28.583],[79.6,28.616],[79.629,28.709],[79.673,28.743],[79.643,28.853]]]},"properties":{"code":"D150","name":"Bareilly","state":"UP"}},
{"type":"Feature","geometry":{"type":"Polygon","coordinates":[[[72.073,26.349],[72.024,26.346],[71.983,26.322],[71.895,26.3],[71.885,26.341],[71.842,26.374],[71.811,26.332],[71.757,26.347],[71.738,26.376],[71.676,26.385],[71.628,26.42],[71.614,26.482],[71.578,26.508],[71.52,26.488],[71.491,26.457],[71.464,26.498],[71.417,26.486],[71.325,26.426],[71.289,26.467],[71.222,26.447],[71.189,26.414],[71.19,26.389],[71.142,26.312],[71.077,26.325],[71.048,26.284],[71.02,26.283],[70.954,26.249],[70.994,26.221],[71.051,26.142],[70.944,26.079],[70.877,26.128],[70.752,26.149],[70.713,26.168],[70.716,26.212],[70.648,26.199],[70.567,26.203],[70.503,26.177],[70.431,26.181],[70.41,26.201],[70.367,26.148],[70.254,26.161],[70.224,26.123],[70.192,26.153],[70.136,26.153],[70.086,26.088],[70.099,25.935],[70.169,25.83],[70.235,25.777],[70.276,25.709],[70.391,25.674],[70.524,25.685],[70.594,25.712],[70.658,25.706],[70.673,25.669],[70.668,25.532],[70.679,25.527],[70.665,25.398],[70.735,25.329],[70.75,25.283],[70.886,25.151],[70.917,25.002],[70.936,24.941],[71.026,24.805],[71.063,24.718],[71.098,24.687],[71.188,24.648],[71.21,24.699],[71.263,24.748],[71.254,24.795],[71.304,24.822],[71.33,24.851],[71.341,24.934],[71.474,24.999],[71.517,25.008],[71.556,24.985],[71.584,25.023],[71.628,25.034],[71.679,24.987],[71.727,25.032],[71.737,25.069],[71.793,25.084],[71.838,25.148],[71.85,25.207],[71.881,25.225],[71.889,25.262],[71.935,25.284],[71.95,25.321],[71.921,25.345],[72,25.445],[72.033,25.476],[72.089,25.465],[72.104,25.424],[72.16,25.434],[72.216,25.406],[72.271,25.411],[72.317,25.387],[72.333,25.434],[72.356,25.454],[72.411,25.436],[72.463,25.454],[72.512,25.506],[72.562,25.531],[72.549,25.561],[72.586,25.602],[72.72,25.609],[72.686,25.67],[72.722,25.689],[72.755,25.741],[72.724,25.755],[72.757,25.809],[72.778,25.802],[72.849,25.842],[72.834,25.863],[72.806,25.853],[72.701,25.934],[72.619,25.978],[72.618,26.007],[72.685,26.029],[72.679,26.072],[72.694,26.106],[72.688,26.186],[72.634,26.228],[72.596,26.28],[72.552,26.264],[72.492,26.299],[72.427,26.286],[72.409,26.239],[72.374,26.225],[72.34,26.244],[72.308,26.217],[72.255,26.21],[72.159,26.281],[72.153,26.308],[72.098,26.319],[72.073,26.349]]]},"properties":{"code":"D115","name":"Barmer","state":"RJ"}},
{"type":"Feature","geometry":{"type":"Polygon","coordinates":[[[91.293,26.509],[91.311,26.574],[91.266,26.576],[91.239,26.619],[91.199,26.599],[91.148,26.645],[91.148,26.571],[91.098,26.518],[91.048,26.559],[90.939,26.539],[90.906,26.588],[90.869,26.569],[90.867,26.544],[90.876,26.525],[90.862,26.52],[90.86,26.521],[90.857,26.522],[90.854,26.523],[90.853,26.522],[90.82,26.476],[90.864,26.375],[90.827,26.367],[90.793,26.328],[90.723,26.284],[90.706,26.256],[90.656,26.241],[90.695,26.153],[90.725,26.135],[90.78,26.134],[90.872,26.098],[90.939,26.094],[91.005,26.129],[91.052,26.128],[91.094,26.164],[91.119,26.153],[91.237,26.182],[91.222,26.216],[91.281,26.354],[91.238,26.392],[91.241,26.455],[91.269,26.487],[91.29,26.502],[91.291,26.507],[91.292,26.508],[91.293,26.508],[91.293,26.509]]]},"properties":{"code":"D303","name":"Barpeta","state":"AS"}},
{"type":"Feature","geometry":{"type":"Polygon","coordinates":[[[82.905,27.021],[82.799,27.074],[82.759,27.105],[82.708,27.104],[82.68,27.122],[82.631,27.124],[82.623,27.099],[82.564,27.1],[82.568,27.075],[82.559,27.057],[82.591,27.002],[82.563,26.965],[82.52,26.952],[82.487,26.905],[82.399,26.947],[82.36,26.931],[82.329,26.956],[82.244,26.934],[82.25,26.894],[82.233,26.868],[82.225,26.807],[82.241,26.748],[82.318,26.723],[82.382,26.658],[82.414,26.645],[82.479,26.652],[82.58,26.604],[82.665,26.605],[82.714,26.555],[82.814,26.574],[82.882,26.54],[82.884,26.571],[82.947,26.677],[82.973,26.683],[82.98,26.731],[82.893,26.789],[82.84,26.842],[82.868,26.887],[82.849,26.911],[82.866,26.939],[82.915,26.959],[82.905,27.021]]]},"properties":{"code":"D185","name":"Basti","state":"UP"}},
{"type":"Feature","geometry":{"type":"Polygon","coordinates":[[[84.268,20.889],[84.218,20.902],[84.113,20.846],[84.038,20.827],[83.991,20.842],[83.935,20.839],[83.905,20.819],[83.852,20.823],[83.788,20.803],[83.763,20.775],[83.759,20.716],[83.719,20.64],[83.731,20.606],[83.689,20.561],[83.606,20.53],[83.585,20.486],[83.622,20.449],[83.658,20.432],[83.659,20.426],[83.666,20.423],[83.67,20.425],[83.675,20.429],[83.68,20.429],[83.686,20.42],[83.69,20.416],[83.695,20.416],[83.71,20.425],[83.715,20.43],[83.722,20.435],[83.729,20.433],[83.736,20.426],[83.746,20.422],[83.751,20.424],[83.751,20.428],[83.755,20.428],[83.761,20.425],[83.77,20.414],[83.779,20.412],[83.783,20.413],[83.81,20.432],[83.806,20.511],[83.843,20.544],[83.858,20.572],[83.873,20.579],[83.881,20.58],[83.895,20.58],[83.912,20.578],[83.915,20.58],[83.913,20.587],[83.916,20.599],[83.92,20.606],[83.918,20.609],[83.918,20.614],[83.917,20.616],[83.92,20.617],[83.928,20.607],[83.938,20.603],[83.934,20.589],[83.943,20.583],[83.95,20.581],[83.973,20.586],[83.979,20.585],[83.986,20.581],[83.996,20.572],[84.007,20.57],[84.014,20.571],[84.016,20.571],[84.033,20.58],[84.036,20.585],[84.045,20.59],[84.056,20.596],[84.074,20.598],[84.085,20.592],[84.097,20.598],[84.104,20.599],[84.118,20.588],[84.135,20.59],[84.146,20.584],[84.148,20.585],[84.153,20.589],[84.155,20.593],[84.169,20.601],[84.178,20.605],[84.189,20.591],[84.21,20.591],[84.222,20.587],[84.23,20.59],[84.236,20.595],[84.256,20.605],[84.278,20.674],[84.295,20.689],[84.304,20.693],[84.319,20.694],[84.334,20.689],[84.343,20.675],[84.36,20.669],[84.386,20.602],[84.398,20.527],[84.465,20.442],[84.461,20.402],[84.513,20.398],[84.622,20.434],[84.664,20.426],[84.692,20.442],[84.7,20.499],[84.745,20.54],[84.777,20.536],[84.794,20.581],[84.778,20.602],[84.638,20.625],[84.572,20.687],[84.536,20.698],[84.457,20.743],[84.426,20.742],[84.357,20.782],[84.352,20.842],[84.268,20.889]]]},"properties":{"code":"D391","name":"Bauda","state":"OD"}},
{"type":"Feature","geometry":{"type":"Polygon","coordinates":[[[75.343,16.954],[75.282,16.955],[75.28,16.876],[75.238,16.865],[75.227,16.843],[75.18,16.844],[75.169,16.866],[75.091,16.923],[75,16.947],[74.949,16.908],[74.945,16.882],[74.908,16.857],[74.912,16.787],[74.846,16.762],[74.774,16.75],[74.732,16.717],[74.693,16.717],[74.691,16.677],[74.655,16.639],[74.689,16.617],[74.569,16.554],[74.544,16.594],[74.546,16.635],[74.49,16.629],[74.467,16.606],[74.397,16.58],[74.379,16.529],[74.326,16.555],[74.27,16.522],[74.288,16.476],[74.332,16.454],[74.336,16.402],[74.317,16.355],[74.342,16.293],[74.374,16.295],[74.416,16.259],[74.478,16.249],[74.503,16.225],[74.483,16.089],[74.429,16.113],[74.365,16.062],[74.384,16.037],[74.435,16.059],[74.462,16.049],[74.429,15.953],[74.364,15.878],[74.381,15.849],[74.369,15.799],[74.345,15.766],[74.286,15.741],[74.237,15.747],[74.211,15.781],[74.19,15.752],[74.161,15.751],[74.128,15.724],[74.119,15.652],[74.249,15.656],[74.261,15.619],[74.248,15.568],[74.277,15.522],[74.34,15.519],[74.375,15.482],[74.421,15.462],[74.423,15.417],[74.48,15.396],[74.534,15.419],[74.568,15.403],[74.614,15.359],[74.699,15.41],[74.743,15.411],[74.745,15.461],[74.777,15.46],[74.813,15.503],[74.798,15.546],[74.841,15.574],[74.842,15.607],[74.89,15.63],[74.964,15.625],[74.967,15.651],[75.098,15.627],[75.107,15.672],[75.203,15.65],[75.203,15.682],[75.279,15.689],[75.314,15.731],[75.304,15.811],[75.365,15.805],[75.378,15.843],[75.428,15.842],[75.455,15.886],[75.426,15.921],[75.44,16],[75.416,16.052],[75.431,16.081],[75.416,16.109],[75.276,16.118],[75.291,16.17],[75.267,16.209],[75.239,16.207],[75.232,16.26],[75.127,16.288],[75.136,16.322],[75.034,16.337],[75.034,16.386],[75.073,16.403],[75.077,16.436],[75.028,16.432],[74.996,16.458],[74.993,16.508],[75.008,16.538],[75.066,16.54],[75.108,16.509],[75.158,16.53],[75.17,16.601],[75.267,16.636],[75.264,16.678],[75.288,16.712],[75.364,16.714],[75.388,16.762],[75.378,16.808],[75.395,16.861],[75.335,16.868],[75.343,16.954]]]},"properties":{"code":"D555","name":"Belgaum","state":"KA"}},
{"type":"Feature","geometry":{"type":"Polygon","coordinates":[[[77.158,15.137],[77.169,15.174],[77.146,15.223],[77.153,15.291],[77.12,15.295],[77.114,15.332],[77.073,15.325],[77.042,15.364],[77.032,15.44],[76.974,15.496],[77.031,15.505],[77.031,15.634],[77.086,15.658],[77.08,15.696],[77.051,15.73],[77.068,15.828],[77.028,15.834],[76.928,15.735],[76.919,15.7],[76.874,15.665],[76.834,15.616],[76.836,15.561],[76.814,15.547],[76.813,15.515],[76.781,15.493],[76.703,15.485],[76.67,15.45],[76.612,15.442],[76.592,15.412],[76.491,15.342],[76.363,15.325],[76.334,15.263],[76.311,15.261],[76.249,15.191],[76.188,15.235],[76.11,15.191],[76.102,15.167],[76.028,15.143],[75.978,15.153],[75.95,15.137],[75.905,15.131],[75.886,15.097],[75.907,15.058],[75.868,15.033],[75.841,15.041],[75.786,15],[75.744,14.944],[75.702,14.948],[75.685,14.93],[75.697,14.892],[75.666,14.808],[75.757,14.738],[75.773,14.793],[75.801,14.769],[75.837,14.806],[75.804,14.874],[75.828,14.898],[75.887,14.87],[75.972,14.907],[75.997,14.898],[76.052,14.918],[76.08,14.9],[76.075,14.868],[76.128,14.87],[76.191,14.847],[76.145,14.81],[76.203,14.751],[76.187,14.701],[76.231,14.649],[76.25,14.694],[76.324,14.692],[76.345,14.666],[76.377,14.664],[76.395,14.628],[76.433,14.619],[76.425,14.581],[76.508,14.564],[76.538,14.566],[76.6,14.622],[76.612,14.687],[76.652,14.726],[76.65,14.757],[76.702,14.816],[76.714,14.862],[76.679,14.892],[76.718,14.973],[76.692,14.978],[76.673,15.019],[76.734,15.033],[76.761,14.988],[76.788,15.022],[76.776,15.07],[76.801,15.096],[76.865,15.062],[76.881,15.034],[76.918,15.036],[76.971,15.018],[77.005,15.035],[77.052,15.035],[77.084,15.005],[77.114,15.034],[77.132,15.099],[77.158,15.137]]]},"properties":{"code":"D565","name":"Bellary","state":"KA"}},
{"type":"Feature","geometry":{"type":"Polygon","coordinates":[[[86.861,21.209],[86.805,21.231],[86.773,21.224],[86.747,21.18],[86.677,21.168],[86.646,21.082],[86.595,21.096],[86.562,21.148],[86.512,21.137],[86.464,21.159],[86.438,21.221],[86.371,21.239],[86.34,21.18],[86.293,21.176],[86.276,21.151],[86.315,21.057],[86.29,21.018],[86.282,20.906],[86.313,20.896],[86.359,20.853],[86.394,20.865],[86.458,20.845],[86.517,20.871],[86.597,20.857],[86.625,20.797],[86.652,20.798],[86.712,20.774],[86.753,20.773],[86.769,20.735],[86.798,20.739],[86.823,20.769],[86.872,20.794],[86.974,20.793],[86.979,20.86],[86.875,21.044],[86.843,21.157],[86.861,21.209]]]},"properties":{"code":"D378","name":"Bhadrak","state":"OD"}},
{"type":"Feature","geometry":{"type":"Polygon","coordinates":[[[79.922,21.524],[79.863,21.53],[79.798,21.581],[79.739,21.602],[79.657,21.558],[79.543,21.543],[79.486,21.502],[79.45,21.435],[79.483,21.427],[79.576,21.283],[79.552,21.157],[79.51,21.163],[79.514,21.121],[79.613,21.038],[79.66,20.969],[79.644,20.917],[79.617,20.903],[79.56,20.803],[79.536,20.773],[79.535,20.74],[79.509,20.704],[79.613,20.691],[79.623,20.673],[79.693,20.669],[79.753,20.686],[79.789,20.717],[79.803,20.684],[79.879,20.685],[79.933,20.667],[79.965,20.69],[79.934,20.712],[79.926,20.766],[79.87,20.78],[79.865,20.876],[79.909,20.887],[79.948,20.926],[79.953,21.013],[79.997,21.021],[80.048,21.003],[80.087,21.048],[80.072,21.119],[80.084,21.143],[80.05,21.21],[79.972,21.228],[79.942,21.252],[79.906,21.24],[79.848,21.245],[79.826,21.27],[79.803,21.379],[79.883,21.424],[79.924,21.482],[79.922,21.524]]]},"properties":{"code":"D506","name":"Bhandara","state":"MH"}},
{"type":"Feature","geometry":{"type":"Polygon","coordinates":[[[77.285,27.801],[77.243,27.78],[77.158,27.807],[77.156,27.781],[77.11,27.78],[77.047,27.815],[77.032,27.782],[77.04,27.743],[77.003,27.737],[76.979,27.652],[76.984,27.614],[76.936,27.612],[76.945,27.58],[76.987,27.535],[77.002,27.566],[77.049,27.548],[77.026,27.496],[77.055,27.475],[77.006,27.449],[76.925,27.49],[76.923,27.459],[76.96,27.427],[77.008,27.414],[77.046,27.377],[77.077,27.389],[77.141,27.346],[77.195,27.355],[77.203,27.326],[77.15,27.313],[77.123,27.252],[77.046,27.217],[77.096,27.171],[76.965,27.146],[76.996,27.107],[76.975,27.075],[77.01,27.027],[77.018,26.928],[77.063,26.889],[77.078,26.859],[77.1,26.862],[77.229,26.794],[77.259,26.819],[77.294,26.78],[77.358,26.795],[77.349,26.711],[77.384,26.707],[77.456,26.741],[77.436,26.78],[77.447,26.814],[77.425,26.837],[77.49,26.898],[77.588,26.925],[77.65,26.962],[77.7,26.973],[77.712,26.995],[77.665,27.017],[77.607,27.023],[77.567,27.043],[77.574,27.072],[77.553,27.11],[77.605,27.123],[77.623,27.169],[77.663,27.17],[77.648,27.241],[77.6,27.295],[77.506,27.376],[77.44,27.394],[77.424,27.42],[77.438,27.456],[77.402,27.476],[77.385,27.513],[77.349,27.519],[77.334,27.591],[77.32,27.606],[77.351,27.647],[77.343,27.702],[77.319,27.731],[77.313,27.782],[77.285,27.801]]]},"properties":{"code":"D105","name":"Bharatpur","state":"RJ"}},
{"type":"Feature","geometry":{"type":"Polygon","coordinates":[[[75.319,25.764],[75.261,25.698],[75.216,25.687],[75.149,25.72],[75.109,25.693],[75.072,25.733],[75.054,25.776],[75.01,25.807],[75.038,25.829],[75.017,25.856],[74.945,25.862],[74.905,25.881],[74.802,25.87],[74.724,25.917],[74.618,25.904],[74.52,25.912],[74.453,25.932],[74.435,25.924],[74.389,25.962],[74.328,25.93],[74.346,25.903],[74.268,25.871],[74.258,25.867],[74.225,25.843],[74.197,25.854],[74.184,25.848],[74.207,25.774],[74.196,25.739],[74.098,25.716],[74.094,25.673],[74.117,25.636],[74.105,25.592],[74.066,25.58],[74.098,25.515],[74.045,25.499],[74.022,25.432],[74.032,25.385],[74.027,25.272],[74.05,25.236],[74.123,25.242],[74.08,25.149],[74.165,25.127],[74.189,25.06],[74.217,25.048],[74.259,25.065],[74.349,25.139],[74.415,25.202],[74.459,25.167],[74.497,25.206],[74.514,25.182],[74.554,25.177],[74.565,25.133],[74.613,25.143],[74.658,25.183],[74.749,25.187],[74.777,25.206],[74.795,25.154],[74.837,25.146],[74.869,25.177],[74.929,25.127],[74.974,25.105],[75.035,25.126],[75.205,25.089],[75.197,25.034],[75.313,25.042],[75.353,25.021],[75.453,25.026],[75.456,25.05],[75.408,25.104],[75.447,25.14],[75.457,25.242],[75.441,25.275],[75.345,25.323],[75.327,25.36],[75.265,25.418],[75.308,25.42],[75.374,25.502],[75.361,25.534],[75.435,25.621],[75.424,25.686],[75.464,25.718],[75.391,25.759],[75.319,25.764]]]},"properties":{"code":"D122","name":"Bhilwara","state":"RJ"}},
{"type":"Feature","geometry":{"type":"Polygon","coordinates":[[[75.61,19.381],[75.572,19.38],[75.479,19.421],[75.487,19.382],[75.535,19.375],[75.519,19.33],[75.542,19.308],[75.517,19.277],[75.464,19.252],[75.445,19.217],[75.405,19.199],[75.449,19.17],[75.454,19.126],[75.487,19.104],[75.41,19.079],[75.308,19.093],[75.287,19.032],[75.347,19.023],[75.339,18.988],[75.273,18.992],[75.264,19.07],[75.24,19.062],[75.218,19.111],[75.19,19.093],[75.209,19.034],[75.076,19.053],[75.097,19.079],[75.061,19.099],[74.981,19.111],[74.942,19.126],[74.922,19.088],[74.916,19.04],[74.952,19.033],[74.961,18.996],[74.917,18.96],[74.878,18.983],[74.843,18.968],[74.828,18.938],[74.898,18.879],[74.923,18.828],[74.967,18.825],[75.074,18.718],[75.159,18.65],[75.174,18.736],[75.214,18.737],[75.254,18.721],[75.327,18.798],[75.387,18.772],[75.398,18.831],[75.464,18.753],[75.504,18.723],[75.587,18.697],[75.621,18.661],[75.666,18.65],[75.673,18.69],[75.783,18.662],[75.825,18.671],[75.863,18.65],[75.916,18.65],[75.994,18.62],[76.052,18.575],[76.099,18.588],[76.254,18.577],[76.277,18.557],[76.28,18.574],[76.352,18.564],[76.388,18.541],[76.424,18.553],[76.468,18.496],[76.504,18.478],[76.609,18.455],[76.619,18.494],[76.676,18.482],[76.699,18.5],[76.706,18.547],[76.634,18.551],[76.663,18.592],[76.685,18.647],[76.686,18.692],[76.737,18.702],[76.727,18.749],[76.676,18.761],[76.667,18.819],[76.648,18.822],[76.623,18.869],[76.585,18.883],[76.584,18.945],[76.54,18.949],[76.511,18.927],[76.479,18.956],[76.479,19.001],[76.456,19.008],[76.439,19.088],[76.412,19.092],[76.378,19.131],[76.355,19.103],[76.321,19.114],[76.361,19.156],[76.353,19.193],[76.365,19.234],[76.312,19.261],[76.227,19.241],[76.209,19.278],[76.164,19.283],[76.098,19.307],[76.084,19.28],[76.039,19.286],[76.013,19.336],[75.971,19.299],[75.938,19.292],[75.907,19.319],[75.922,19.374],[75.836,19.372],[75.797,19.397],[75.758,19.389],[75.754,19.359],[75.688,19.355],[75.642,19.381],[75.61,19.381]]]},"properties":{"code":"D523","name":"Bid","state":"MH"}},
{"type":"Feature","geometry":{"type":"Polygon","coordinates":[[[77.554,18.293],[77.469,18.262],[77.411,18.301],[77.396,18.342],[77.404,18.399],[77.367,18.431],[77.316,18.441],[77.267,18.42],[77.243,18.41],[77.209,18.279],[77.181,18.283],[77.142,18.209],[77.098,18.197],[77.111,18.154],[77.06,18.154],[76.956,18.186],[76.925,18.118],[76.956,18.112],[76.954,18.039],[76.92,18.035],[76.915,17.939],[76.883,17.895],[76.856,17.9],[76.776,17.879],[76.742,17.9],[76.739,17.859],[76.79,17.828],[76.778,17.801],[76.741,17.781],[76.694,17.707],[76.692,17.682],[76.771,17.647],[76.837,17.651],[76.929,17.635],[76.981,17.65],[76.995,17.695],[77.038,17.668],[77.089,17.66],[77.117,17.685],[77.155,17.629],[77.191,17.616],[77.231,17.632],[77.277,17.627],[77.301,17.598],[77.379,17.583],[77.444,17.584],[77.461,17.701],[77.543,17.728],[77.558,17.764],[77.508,17.785],[77.53,17.829],[77.558,17.833],[77.571,17.869],[77.62,17.905],[77.624,17.947],[77.657,17.972],[77.61,18.02],[77.557,18.037],[77.571,18.078],[77.601,18.086],[77.601,18.154],[77.574,18.191],[77.576,18.242],[77.603,18.275],[77.554,18.293]]]},"properties":{"code":"D558","name":"Bidar","state":"KA"}},
{"type":"Feature","geometry":{"type":"Polygon","coordinates":[[[76.073,17.334],[76.063,17.354],[75.931,17.326],[75.893,17.355],[75.894,17.407],[75.821,17.421],[75.81,17.371],[75.736,17.423],[75.69,17.414],[75.679,17.455],[75.634,17.479],[75.614,17.393],[75.577,17.384],[75.612,17.344],[75.604,17.305],[75.656,17.272],[75.663,17.215],[75.629,17.188],[75.63,17.162],[75.673,17.115],[75.68,17.073],[75.667,16.985],[75.644,16.953],[75.609,16.971],[75.608,17.005],[75.568,17.008],[75.569,16.965],[75.528,16.968],[75.491,16.947],[75.466,16.987],[75.429,16.965],[75.392,16.978],[75.343,16.954],[75.335,16.868],[75.395,16.861],[75.378,16.808],[75.388,16.762],[75.428,16.767],[75.492,16.745],[75.484,16.693],[75.439,16.697],[75.462,16.621],[75.49,16.6],[75.487,16.509],[75.456,16.506],[75.46,16.467],[75.435,16.437],[75.45,16.413],[75.493,16.42],[75.499,16.452],[75.553,16.456],[75.572,16.41],[75.61,16.446],[75.643,16.44],[75.725,16.39],[75.782,16.38],[75.959,16.298],[76.014,16.302],[76.067,16.259],[76.064,16.21],[76.141,16.18],[76.17,16.184],[76.241,16.165],[76.282,16.15],[76.298,16.182],[76.329,16.191],[76.354,16.226],[76.348,16.274],[76.302,16.283],[76.334,16.39],[76.334,16.424],[76.384,16.422],[76.437,16.435],[76.418,16.599],[76.405,16.648],[76.438,16.707],[76.46,16.711],[76.435,16.763],[76.372,16.767],[76.379,16.801],[76.355,16.819],[76.375,16.859],[76.438,16.867],[76.437,16.941],[76.401,16.935],[76.401,16.976],[76.435,16.98],[76.43,17.099],[76.399,17.072],[76.364,17.117],[76.366,17.176],[76.283,17.165],[76.244,17.149],[76.22,17.184],[76.195,17.183],[76.125,17.245],[76.066,17.309],[76.073,17.334]]]},"properties":{"code":"D557","name":"Bijapur","state":"KA"}},
{"type":"Feature","geometry":{"type":"Polygon","coordinates":[[[78.908,29.45],[78.778,29.478],[78.751,29.499],[78.706,29.503],[78.589,29.575],[78.524,29.645],[78.5,29.736],[78.344,29.79],[78.315,29.752],[78.244,29.698],[78.206,29.704],[78.178,29.674],[78.056,29.587],[78.045,29.546],[78,29.54],[77.994,29.493],[78.065,29.402],[78.068,29.359],[78.11,29.324],[78.137,29.253],[78.127,29.205],[78.136,29.165],[78.109,29.14],[78.106,29.083],[78.143,29.079],[78.207,29.05],[78.289,29.04],[78.415,29.039],[78.467,29.064],[78.525,29.07],[78.602,29.084],[78.664,29.144],[78.639,29.161],[78.674,29.197],[78.707,29.267],[78.771,29.281],[78.738,29.324],[78.797,29.337],[78.841,29.362],[78.899,29.403],[78.908,29.45]]]},"properties":{"code":"D134","name":"Bijnor","state":"UP"}},
{"type":"Feature","geometry":{"type":"Polygon","coordinates":[[[74.042,29.012],[74.02,28.96],[74.026,28.933],[73.975,28.904],[73.96,28.946],[73.911,28.961],[73.877,28.941],[73.799,29.007],[73.772,29.052],[73.731,29.026],[73.656,29.019],[73.624,29.037],[73.57,28.997],[73.521,28.995],[73.487,29.012],[73.427,28.992],[73.388,29.01],[73.345,29.006],[73.28,28.94],[73.228,28.93],[73.197,28.884],[73.205,28.853],[73.159,28.818],[73.16,28.795],[73.116,28.767],[73.035,28.743],[73.011,28.714],[72.958,28.74],[72.934,28.729],[72.765,28.8],[72.747,28.783],[72.648,28.903],[72.524,28.833],[72.407,28.783],[72.312,28.686],[72.236,28.484],[72.205,28.39],[72.129,28.309],[71.999,28.214],[71.932,28.128],[71.898,27.963],[71.947,27.913],[71.993,27.943],[72.032,27.949],[72.099,27.897],[72.146,27.873],[72.156,27.78],[72.094,27.736],[72.22,27.674],[72.252,27.673],[72.3,27.708],[72.343,27.692],[72.323,27.634],[72.282,27.568],[72.284,27.549],[72.252,27.507],[72.278,27.466],[72.327,27.514],[72.437,27.562],[72.449,27.586],[72.502,27.584],[72.56,27.618],[72.604,27.607],[72.624,27.571],[72.671,27.543],[72.696,27.604],[72.728,27.554],[72.836,27.58],[72.848,27.534],[72.826,27.521],[72.831,27.466],[72.883,27.477],[72.902,27.415],[72.988,27.384],[73.042,27.41],[73.121,27.408],[73.145,27.39],[73.163,27.295],[73.208,27.278],[73.242,27.326],[73.268,27.304],[73.284,27.255],[73.351,27.197],[73.375,27.26],[73.45,27.31],[73.504,27.333],[73.495,27.36],[73.506,27.434],[73.54,27.494],[73.612,27.489],[73.618,27.536],[73.657,27.564],[73.704,27.519],[73.751,27.534],[73.79,27.501],[73.83,27.504],[73.878,27.539],[73.876,27.58],[73.896,27.602],[73.874,27.647],[73.869,27.779],[73.932,27.784],[73.996,27.804],[74.03,27.771],[73.998,27.734],[74.064,27.73],[74.099,27.782],[74.142,27.801],[74.17,27.794],[74.228,27.817],[74.225,27.899],[74.252,27.931],[74.235,27.963],[74.242,27.999],[74.297,28.052],[74.281,28.088],[74.299,28.146],[74.341,28.164],[74.359,28.209],[74.325,28.255],[74.236,28.251],[74.199,28.294],[74.191,28.328],[74.143,28.343],[74.065,28.335],[74.03,28.376],[74.068,28.416],[74.061,28.529],[74.108,28.589],[74.083,28.65],[74.1,28.679],[74.194,28.711],[74.169,28.738],[74.161,28.777],[74.136,28.796],[74.068,28.792],[74.12,28.847],[74.112,28.94],[74.073,28.964],[74.041,29.004],[74.042,29.012]]]},"properties":{"code":"D101","name":"Bikaner","state":"RJ"}},
{"type":"Feature","geometry":{"type":"Polygon","coordinates":[[[90.854,26.523],[90.804,26.535],[90.723,26.481],[90.643,26.527],[90.609,26.481],[90.564,26.484],[90.552,26.434],[90.518,26.456],[90.48,26.456],[90.454,26.408],[90.41,26.434],[90.41,26.433],[90.399,26.385],[90.429,26.36],[90.436,26.354],[90.482,26.308],[90.474,26.272],[90.407,26.224],[90.379,26.181],[90.424,26.199],[90.523,26.208],[90.656,26.241],[90.706,26.256],[90.723,26.284],[90.793,26.328],[90.827,26.367],[90.864,26.375],[90.82,26.476],[90.853,26.522],[90.854,26.523]]]},"properties":{"code":"D319","name":"Bongaigaon","state":"AS"}},
{"type":"Feature","geometry":{"type":"Polygon","coordinates":[[[78.92,28.479],[78.871,28.481],[78.818,28.445],[78.755,28.376],[78.707,28.377],[78.68,28.346],[78.639,28.333],[78.598,28.351],[78.525,28.358],[78.494,28.38],[78.494,28.415],[78.415,28.463],[78.38,28.468],[78.347,28.435],[78.31,28.434],[78.291,28.403],[78.284,28.372],[78.322,28.289],[78.375,28.262],[78.411,28.197],[78.486,28.124],[78.504,28.093],[78.55,28.063],[78.577,28.078],[78.621,28.039],[78.672,28.035],[78.68,28.001],[78.728,27.961],[78.818,27.952],[78.965,27.851],[78.987,27.873],[79.022,27.842],[79.123,27.847],[79.163,27.819],[79.169,27.779],[79.212,27.739],[79.209,27.707],[79.35,27.652],[79.338,27.734],[79.357,27.79],[79.46,27.849],[79.472,27.962],[79.498,28.02],[79.499,28.108],[79.424,28.169],[79.388,28.175],[79.336,28.154],[79.314,28.177],[79.272,28.164],[79.214,28.188],[79.196,28.175],[79.118,28.204],[79.095,28.247],[79.101,28.277],[79.051,28.374],[79,28.385],[78.92,28.479]]]},"properties":{"code":"D149","name":"Budaun","state":"UP"}},
{"type":"Feature","geometry":{"type":"Polygon","coordinates":[[[78.209,28.615],[78.181,28.616],[78.169,28.617],[78.149,28.63],[78.128,28.622],[78.027,28.671],[78.01,28.697],[77.968,28.714],[77.937,28.702],[77.902,28.659],[77.858,28.651],[77.801,28.615],[77.757,28.564],[77.716,28.552],[77.713,28.553],[77.689,28.552],[77.69,28.508],[77.661,28.491],[77.658,28.487],[77.653,28.485],[77.649,28.485],[77.647,28.483],[77.639,28.478],[77.643,28.409],[77.679,28.392],[77.697,28.348],[77.683,28.319],[77.683,28.249],[77.708,28.24],[77.75,28.174],[77.701,28.114],[77.675,28.105],[77.676,28.103],[77.697,28.079],[77.737,28.088],[77.736,28.123],[77.786,28.137],[77.845,28.172],[77.87,28.13],[77.92,28.094],[77.987,28.08],[78.05,28.13],[78.138,28.104],[78.144,28.071],[78.26,28.116],[78.307,28.118],[78.352,28.149],[78.429,28.094],[78.486,28.124],[78.411,28.197],[78.375,28.262],[78.322,28.289],[78.284,28.372],[78.291,28.403],[78.305,28.459],[78.272,28.49],[78.22,28.5],[78.216,28.6],[78.209,28.615]]]},"properties":{"code":"D142","name":"Bulandshahr","state":"UP"}},
{"type":"Feature","geometry":{"type":"Polygon","coordinates":[[[76.784,21.189],[76.766,21.194],[76.75,21.251],[76.724,21.289],[76.663,21.28],[76.625,21.191],[76.561,21.204],[76.531,21.187],[76.492,21.196],[76.454,21.113],[76.413,21.105],[76.384,21.078],[76.398,21.03],[76.383,20.978],[76.347,20.95],[76.281,20.958],[76.226,21.012],[76.17,21.035],[76.159,21],[76.092,20.943],[76.081,20.908],[76.115,20.893],[76.05,20.812],[76.05,20.788],[75.998,20.778],[76.012,20.739],[75.998,20.667],[76.011,20.643],[76.033,20.638],[76.04,20.555],[75.944,20.504],[75.958,20.466],[75.942,20.426],[75.954,20.39],[75.927,20.323],[75.975,20.316],[76.031,20.288],[76.05,20.336],[76.083,20.365],[76.129,20.341],[76.161,20.298],[76.195,20.3],[76.166,20.237],[76.141,20.211],[76.097,20.097],[76.057,20.097],[76.057,20.064],[76.02,20.059],[76.025,20.023],[75.967,19.994],[76.043,19.95],[76.1,19.856],[76.175,19.849],[76.257,19.873],[76.298,19.87],[76.353,19.894],[76.368,19.926],[76.493,19.917],[76.492,19.898],[76.533,19.85],[76.623,19.843],[76.647,19.866],[76.612,19.89],[76.635,19.953],[76.66,19.976],[76.663,20.048],[76.625,20.05],[76.671,20.126],[76.759,20.131],[76.75,20.209],[76.787,20.203],[76.827,20.246],[76.822,20.28],[76.793,20.315],[76.7,20.353],[76.727,20.407],[76.694,20.458],[76.717,20.514],[76.77,20.513],[76.789,20.592],[76.74,20.665],[76.735,20.715],[76.76,20.723],[76.771,20.787],[76.745,20.798],[76.763,20.856],[76.744,20.89],[76.747,20.928],[76.785,20.929],[76.778,21.003],[76.789,21.032],[76.774,21.089],[76.789,21.11],[76.772,21.181],[76.784,21.189]]]},"properties":{"code":"D500","name":"Buldana","state":"MH"}},
{"type":"Feature","geometry":{"type":"Polygon","coordinates":[[[76.157,25.762],[76.102,25.81],[76.054,25.82],[76.061,25.86],[75.957,25.865],[75.947,25.816],[75.906,25.814],[75.894,25.869],[75.834,25.834],[75.838,25.804],[75.773,25.822],[75.761,25.756],[75.695,25.76],[75.632,25.709],[75.622,25.677],[75.564,25.697],[75.511,25.736],[75.464,25.718],[75.424,25.686],[75.435,25.621],[75.361,25.534],[75.374,25.502],[75.308,25.42],[75.265,25.418],[75.327,25.36],[75.345,25.323],[75.441,25.275],[75.457,25.242],[75.447,25.14],[75.408,25.104],[75.456,25.05],[75.453,25.026],[75.614,25.017],[75.624,24.996],[75.696,25.03],[75.743,25.072],[75.758,25.111],[75.736,25.166],[75.778,25.197],[75.794,25.258],[75.837,25.24],[75.902,25.234],[75.949,25.276],[75.981,25.24],[76.033,25.277],[76.025,25.314],[76.113,25.329],[76.175,25.438],[76.209,25.484],[76.275,25.511],[76.293,25.545],[76.301,25.632],[76.323,25.655],[76.288,25.69],[76.191,25.705],[76.146,25.745],[76.157,25.762]]]},"properties":{"code":"D121","name":"Bundi","state":"RJ"}},
{"type":"Feature","geometry":{"type":"Polygon","coordinates":[[[93.252,24.972],[93.171,24.997],[93.072,24.997],[93.018,25.061],[93.019,25.095],[92.962,25.088],[92.946,25.07],[92.902,25.079],[92.841,25.053],[92.784,25.087],[92.757,25.139],[92.702,25.109],[92.644,25.117],[92.543,25.097],[92.485,25.106],[92.464,25.035],[92.438,25.032],[92.423,24.974],[92.466,24.963],[92.499,24.874],[92.526,24.859],[92.589,24.862],[92.631,24.853],[92.64,24.819],[92.68,24.813],[92.656,24.736],[92.667,24.639],[92.696,24.616],[92.67,24.591],[92.705,24.564],[92.739,24.587],[92.764,24.567],[92.765,24.518],[92.803,24.419],[92.831,24.397],[92.896,24.391],[92.979,24.407],[93,24.4],[93.031,24.426],[93.048,24.472],[93.035,24.494],[93.052,24.541],[93.106,24.58],[93.086,24.608],[93.098,24.663],[93.088,24.706],[93.112,24.799],[93.157,24.789],[93.192,24.803],[93.214,24.858],[93.253,24.915],[93.252,24.972]]]},"properties":{"code":"D316","name":"Cachar","state":"AS"}},
{"type":"Feature","geometry":{"type":"Polygon","coordinates":[[[77.323,12.307],[77.166,12.309],[77.17,12.259],[77.113,12.242],[77.134,12.209],[77.046,12.169],[77.02,12.135],[76.987,12.14],[76.947,12.098],[76.843,12.156],[76.834,12.128],[76.875,12.116],[76.872,12.056],[76.939,12.027],[76.905,11.996],[76.824,12.01],[76.767,11.996],[76.702,11.995],[76.669,12.008],[76.644,11.982],[76.584,11.982],[76.56,11.945],[76.577,11.921],[76.534,11.871],[76.491,11.858],[76.492,11.821],[76.462,11.79],[76.424,11.805],[76.415,11.76],[76.427,11.728],[76.41,11.69],[76.431,11.666],[76.459,11.662],[76.512,11.705],[76.549,11.678],[76.562,11.62],[76.617,11.608],[76.761,11.614],[76.826,11.605],[76.847,11.582],[76.86,11.61],[76.839,11.657],[76.863,11.707],[76.89,11.733],[76.909,11.791],[76.954,11.789],[77.014,11.811],[77.051,11.786],[77.086,11.732],[77.113,11.771],[77.2,11.791],[77.252,11.811],[77.295,11.807],[77.337,11.768],[77.366,11.787],[77.423,11.771],[77.442,11.781],[77.501,11.939],[77.584,11.933],[77.676,11.949],[77.701,12.019],[77.757,12.079],[77.778,12.119],[77.751,12.153],[77.737,12.177],[77.615,12.204],[77.522,12.193],[77.476,12.211],[77.473,12.245],[77.436,12.282],[77.341,12.283],[77.323,12.307]]]},"properties":{"code":"D578","name":"Chamrajnagar","state":"KA"}},
{"type":"Feature","geometry":{"type":"Polygon","coordinates":[[[83.543,25.313],[83.549,25.348],[83.505,25.406],[83.414,25.487],[83.381,25.488],[83.34,25.463],[83.289,25.504],[83.2,25.532],[83.18,25.51],[83.131,25.444],[83.191,25.419],[83.176,25.353],[83.139,25.317],[83.09,25.33],[83.017,25.303],[83.049,25.282],[83.034,25.241],[83.128,25.187],[83.175,25.184],[83.168,25.135],[83.142,25.131],[83.123,25.056],[83.065,25.065],[83.076,24.977],[83.067,24.929],[83.108,24.817],[83.103,24.768],[83.133,24.759],[83.187,24.715],[83.229,24.731],[83.289,24.729],[83.33,24.769],[83.395,24.783],[83.398,24.831],[83.36,24.901],[83.365,24.954],[83.352,25.009],[83.328,25.014],[83.348,25.11],[83.358,25.197],[83.397,25.205],[83.418,25.247],[83.469,25.25],[83.489,25.28],[83.543,25.313]]]},"properties":{"code":"D196","name":"Chandauli","state":"UP"}},
{"type":"Feature","geometry":{"type":"Polygon","coordinates":[[[79.933,20.667],[79.879,20.685],[79.803,20.684],[79.789,20.717],[79.753,20.686],[79.693,20.669],[79.623,20.673],[79.613,20.691],[79.509,20.704],[79.46,20.669],[79.407,20.656],[79.376,20.677],[79.322,20.583],[79.225,20.582],[79.214,20.546],[79.167,20.505],[79.131,20.454],[79.024,20.478],[79.002,20.448],[78.969,20.459],[78.951,20.428],[78.899,20.437],[78.819,20.387],[78.83,20.319],[78.802,20.298],[78.827,20.247],[78.922,20.237],[78.96,20.207],[78.955,20.168],[79.071,20.064],[79.115,19.988],[79.095,19.915],[79.152,19.893],[79.133,19.863],[79.066,19.815],[79.029,19.801],[78.959,19.803],[78.952,19.753],[78.903,19.737],[78.881,19.763],[78.85,19.76],[78.869,19.698],[78.864,19.658],[78.921,19.669],[78.975,19.651],[78.983,19.581],[79.024,19.542],[79.109,19.53],[79.195,19.461],[79.243,19.529],[79.261,19.613],[79.347,19.576],[79.42,19.536],[79.447,19.536],[79.477,19.5],[79.549,19.551],[79.572,19.513],[79.607,19.51],[79.628,19.567],[79.719,19.586],[79.747,19.605],[79.792,19.596],[79.787,19.717],[79.747,19.779],[79.744,19.823],[79.806,19.9],[79.777,19.95],[79.781,20],[79.814,20.029],[79.849,20.032],[79.871,19.984],[79.913,19.968],[79.951,19.985],[79.992,20.045],[79.965,20.121],[79.914,20.141],[79.934,20.187],[79.99,20.207],[79.992,20.238],[79.945,20.294],[79.974,20.361],[79.962,20.415],[79.941,20.447],[79.953,20.528],[79.928,20.552],[79.943,20.638],[79.933,20.667]]]},"properties":{"code":"D509","name":"Chandrapur","state":"MH"}},
{"type":"Feature","geometry":{"type":"Polygon","coordinates":[[[78.2,13.566],[78.203,13.625],[78.155,13.659],[78.089,13.659],[78.119,13.719],[78.094,13.742],[78.127,13.786],[78.115,13.862],[78.05,13.895],[78.047,13.861],[77.95,13.879],[77.987,13.902],[77.959,13.936],[77.92,13.905],[77.871,13.935],[77.814,13.926],[77.836,13.869],[77.782,13.84],[77.777,13.817],[77.737,13.81],[77.704,13.769],[77.678,13.785],[77.622,13.768],[77.589,13.738],[77.536,13.715],[77.487,13.711],[77.457,13.683],[77.384,13.66],[77.363,13.613],[77.393,13.532],[77.387,13.5],[77.446,13.462],[77.506,13.456],[77.556,13.417],[77.592,13.421],[77.663,13.379],[77.66,13.355],[77.7,13.335],[77.754,13.361],[77.828,13.326],[77.811,13.261],[77.872,13.232],[77.926,13.238],[77.946,13.277],[77.989,13.307],[78.024,13.288],[78.07,13.303],[78.118,13.299],[78.143,13.353],[78.129,13.4],[78.185,13.43],[78.208,13.481],[78.192,13.509],[78.2,13.566]]]},"properties":{"code":"D582","name":"Chikkaballapura","state":"KA"}},
{"type":"Feature","geometry":{"type":"Polygon","coordinates":[[[76.354,13.578],[76.28,13.605],[76.266,13.648],[76.221,13.711],[76.152,13.73],[76.099,13.864],[76.034,13.896],[76.031,13.869],[75.972,13.855],[75.944,13.813],[75.88,13.81],[75.825,13.817],[75.807,13.794],[75.761,13.793],[75.733,13.769],[75.671,13.763],[75.644,13.705],[75.609,13.761],[75.578,13.759],[75.536,13.731],[75.489,13.76],[75.456,13.725],[75.395,13.7],[75.415,13.654],[75.407,13.632],[75.342,13.587],[75.296,13.585],[75.277,13.564],[75.244,13.606],[75.224,13.528],[75.17,13.506],[75.14,13.463],[75.151,13.421],[75.113,13.358],[75.08,13.345],[75.115,13.285],[75.138,13.29],[75.176,13.202],[75.2,13.179],[75.254,13.129],[75.311,13.132],[75.329,13.17],[75.377,13.181],[75.434,13.12],[75.487,13.092],[75.526,13.048],[75.531,13],[75.516,12.981],[75.555,12.945],[75.557,12.915],[75.598,12.944],[75.604,12.969],[75.646,13.032],[75.74,13.031],[75.73,13.091],[75.73,13.181],[75.754,13.213],[75.809,13.218],[75.836,13.25],[75.896,13.264],[75.936,13.255],[76.015,13.259],[76.044,13.272],[76.033,13.346],[76.056,13.379],[76.141,13.407],[76.162,13.47],[76.231,13.467],[76.237,13.507],[76.291,13.504],[76.317,13.534],[76.34,13.513],[76.364,13.546],[76.354,13.578]]]},"properties":{"code":"D570","name":"Chikmagalur","state":"KA"}},
{"type":"Feature","geometry":{"type":"Polygon","coordinates":[[[90.959,26.783],[90.705,26.768],[90.635,26.791],[90.565,26.801],[90.425,26.899],[90.422,26.785],[90.433,26.747],[90.421,26.711],[90.355,26.608],[90.355,26.555],[90.402,26.517],[90.396,26.478],[90.4,26.476],[90.409,26.435],[90.41,26.434],[90.454,26.408],[90.48,26.456],[90.518,26.456],[90.552,26.434],[90.564,26.484],[90.609,26.481],[90.643,26.527],[90.723,26.481],[90.804,26.535],[90.854,26.523],[90.855,26.525],[90.832,26.541],[90.832,26.556],[90.824,26.56],[90.903,26.64],[90.898,26.67],[90.917,26.726],[90.959,26.783]]]},"properties":{"code":"D320","name":"Chirang","state":"AS"}},
{"type":"Feature","geometry":{"type":"Polygon","coordinates":[[[76.761,14.988],[76.734,15.033],[76.673,15.019],[76.692,14.978],[76.718,14.973],[76.679,14.892],[76.714,14.862],[76.702,14.816],[76.65,14.757],[76.652,14.726],[76.612,14.687],[76.6,14.622],[76.538,14.566],[76.508,14.564],[76.533,14.535],[76.46,14.501],[76.46,14.451],[76.428,14.448],[76.384,14.42],[76.333,14.407],[76.279,14.406],[76.262,14.442],[76.205,14.457],[76.138,14.426],[76.152,14.406],[76.157,14.32],[76.111,14.315],[76.132,14.255],[76.08,14.244],[76.062,14.22],[76.062,14.159],[76.025,14.108],[76.055,14.072],[76.046,13.94],[76.034,13.896],[76.099,13.864],[76.152,13.73],[76.221,13.711],[76.266,13.648],[76.28,13.605],[76.354,13.578],[76.411,13.579],[76.462,13.597],[76.461,13.617],[76.512,13.629],[76.573,13.713],[76.66,13.721],[76.687,13.688],[76.698,13.769],[76.726,13.796],[76.764,13.779],[76.767,13.836],[76.723,13.895],[76.782,13.923],[76.815,13.916],[76.85,13.962],[76.825,13.994],[76.871,14.009],[76.892,14.047],[76.927,14.058],[76.952,14.092],[76.948,14.118],[76.889,14.137],[76.897,14.165],[76.964,14.182],[77.025,14.179],[77.004,14.198],[77.01,14.238],[76.943,14.246],[76.93,14.278],[76.948,14.311],[76.904,14.325],[76.884,14.357],[76.888,14.396],[76.978,14.484],[76.911,14.49],[76.869,14.48],[76.849,14.515],[76.804,14.533],[76.765,14.602],[76.775,14.679],[76.802,14.74],[76.784,14.785],[76.838,14.79],[76.865,14.896],[76.869,14.969],[76.768,14.975],[76.761,14.988]]]},"properties":{"code":"D566","name":"Chitradurga","state":"KA"}},
{"type":"Feature","geometry":{"type":"Polygon","coordinates":[[[81.193,25.452],[81.191,25.488],[81.151,25.505],[81.063,25.521],[81.022,25.544],[81.027,25.504],[80.988,25.477],[80.944,25.469],[80.931,25.442],[80.888,25.42],[80.864,25.374],[80.831,25.347],[80.78,25.33],[80.783,25.262],[80.751,25.251],[80.767,25.205],[80.72,25.189],[80.689,25.131],[80.723,25.064],[80.784,25.058],[80.784,25.08],[80.727,25.1],[80.759,25.138],[80.827,25.127],[80.878,25.185],[80.914,25.161],[80.873,25.12],[80.879,25.067],[80.837,25.026],[80.858,24.999],[80.81,24.941],[80.865,24.932],[80.945,24.969],[80.961,24.936],[81.035,24.951],[81.085,24.949],[81.125,24.898],[81.161,24.913],[81.17,24.955],[81.214,24.936],[81.21,24.992],[81.27,25.065],[81.254,25.102],[81.277,25.162],[81.358,25.164],[81.397,25.121],[81.436,25.13],[81.445,25.093],[81.492,25.072],[81.5,25.145],[81.527,25.148],[81.542,25.185],[81.546,25.189],[81.527,25.194],[81.521,25.194],[81.526,25.235],[81.564,25.239],[81.558,25.25],[81.554,25.271],[81.549,25.287],[81.55,25.29],[81.46,25.259],[81.389,25.272],[81.403,25.31],[81.387,25.335],[81.325,25.347],[81.265,25.325],[81.25,25.355],[81.202,25.365],[81.151,25.397],[81.151,25.426],[81.193,25.452]]]},"properties":{"code":"D171","name":"Chitrakoot","state":"UP"}},
{"type":"Feature","geometry":{"type":"MultiPolygon","coordinates":[[[[75.197,25.034],[75.205,25.089],[75.035,25.126],[74.974,25.105],[74.929,25.127],[74.869,25.177],[74.837,25.146],[74.795,25.154],[74.777,25.206],[74.749,25.187],[74.658,25.183],[74.613,25.143],[74.565,25.133],[74.554,25.177],[74.514,25.182],[74.497,25.206],[74.459,25.167],[74.415,25.202],[74.349,25.139],[74.259,25.065],[74.32,25.032],[74.271,24.992],[74.228,24.995],[74.2,24.979],[74.188,24.93],[74.122,24.852],[74.107,24.781],[74.119,24.739],[74.173,24.716],[74.172,24.678],[74.205,24.67],[74.252,24.627],[74.224,24.616],[74.279,24.565],[74.209,24.461],[74.268,24.47],[74.334,24.493],[74.328,24.45],[74.366,24.41],[74.353,24.337],[74.387,24.311],[74.415,24.292],[74.417,24.245],[74.468,24.222],[74.482,24.261],[74.511,24.279],[74.521,24.315],[74.506,24.378],[74.536,24.402],[74.543,24.479],[74.591,24.493],[74.611,24.475],[74.673,24.488],[74.691,24.492],[74.707,24.501],[74.714,24.506],[74.713,24.506],[74.758,24.561],[74.749,24.594],[74.791,24.608],[74.784,24.634],[74.818,24.669],[74.777,24.683],[74.82,24.762],[74.874,24.666],[74.945,24.659],[74.965,24.697],[75.001,24.705],[74.995,24.749],[75.014,24.79],[74.906,24.794],[74.86,24.81],[74.857,24.85],[74.828,24.896],[74.834,24.964],[74.869,24.934],[74.902,24.936],[74.914,24.896],[74.946,24.875],[75.014,24.871],[75.045,24.856],[75.075,24.884],[75.121,24.885],[75.122,24.972],[75.166,24.988],[75.157,25.025],[75.197,25.034]]],[[[75.453,25.026],[75.353,25.021],[75.321,25.003],[75.34,24.959],[75.32,24.903],[75.29,24.923],[75.264,24.886],[75.313,24.866],[75.328,24.883],[75.419,24.86],[75.303,24.812],[75.286,24.846],[75.244,24.857],[75.194,24.785],[75.197,24.756],[75.23,24.731],[75.454,24.689],[75.551,24.712],[75.584,24.719],[75.616,24.684],[75.662,24.698],[75.683,24.724],[75.745,24.756],[75.789,24.761],[75.822,24.867],[75.761,24.876],[75.667,24.945],[75.624,24.996],[75.614,25.017],[75.453,25.026]]]]},"properties":{"code":"D126","name":"Chittaurgarh","state":"RJ"}},
{"type":"Feature","geometry":{"type":"Polygon","coordinates":[[[75.478,28.935],[75.45,28.962],[75.404,28.967],[75.373,28.914],[75.334,28.917],[75.359,28.964],[75.32,28.986],[75.291,28.923],[75.242,28.928],[75.249,28.884],[75.22,28.857],[75.101,28.873],[75.028,28.85],[75.046,28.893],[75.037,28.937],[74.999,28.915],[74.919,28.898],[74.899,28.935],[74.862,28.945],[74.811,28.932],[74.773,28.899],[74.801,28.854],[74.771,28.825],[74.742,28.855],[74.694,28.838],[74.637,28.837],[74.601,28.813],[74.579,28.829],[74.49,28.82],[74.439,28.832],[74.419,28.885],[74.278,28.8],[74.196,28.809],[74.161,28.777],[74.169,28.738],[74.194,28.711],[74.1,28.679],[74.083,28.65],[74.108,28.589],[74.061,28.529],[74.068,28.416],[74.03,28.376],[74.065,28.335],[74.143,28.343],[74.191,28.328],[74.199,28.294],[74.236,28.251],[74.325,28.255],[74.359,28.209],[74.341,28.164],[74.299,28.146],[74.281,28.088],[74.297,28.052],[74.242,27.999],[74.235,27.963],[74.252,27.931],[74.225,27.899],[74.228,27.817],[74.17,27.794],[74.142,27.801],[74.099,27.782],[74.064,27.73],[73.998,27.734],[74.03,27.771],[73.996,27.804],[73.932,27.784],[73.869,27.779],[73.874,27.647],[73.896,27.602],[73.876,27.58],[73.878,27.539],[73.902,27.496],[73.974,27.506],[74.03,27.535],[74.082,27.479],[74.137,27.461],[74.154,27.411],[74.205,27.424],[74.206,27.506],[74.239,27.526],[74.257,27.602],[74.344,27.679],[74.442,27.692],[74.496,27.666],[74.607,27.676],[74.628,27.648],[74.681,27.667],[74.749,27.689],[74.727,27.718],[74.741,27.764],[74.817,27.8],[74.797,27.837],[74.741,27.855],[74.738,27.889],[74.801,27.896],[74.821,27.938],[74.781,27.956],[74.761,27.988],[74.793,28.006],[74.808,28.058],[74.788,28.078],[74.802,28.117],[74.83,28.115],[74.868,28.145],[74.893,28.192],[74.948,28.187],[75.03,28.198],[75.05,28.253],[75.149,28.292],[75.165,28.338],[75.152,28.379],[75.218,28.39],[75.235,28.455],[75.279,28.45],[75.33,28.396],[75.335,28.367],[75.383,28.338],[75.502,28.337],[75.519,28.37],[75.572,28.378],[75.574,28.408],[75.605,28.446],[75.616,28.505],[75.672,28.517],[75.637,28.542],[75.618,28.602],[75.564,28.611],[75.548,28.645],[75.539,28.729],[75.507,28.784],[75.522,28.833],[75.497,28.856],[75.497,28.895],[75.478,28.935]]]},"properties":{"code":"D102","name":"Churu","state":"RJ"}},
{"type":"Feature","geometry":{"type":"Polygon","coordinates":[[[86.284,20.584],[86.255,20.607],[86.189,20.624],[86.184,20.658],[86.12,20.617],[86.048,20.599],[86.011,20.624],[85.958,20.684],[85.912,20.698],[85.888,20.659],[85.809,20.66],[85.719,20.636],[85.659,20.55],[85.615,20.542],[85.59,20.512],[85.512,20.535],[85.458,20.485],[85.407,20.51],[85.379,20.495],[85.252,20.518],[85.213,20.548],[85.196,20.583],[85.13,20.615],[85.093,20.611],[85.077,20.581],[85.027,20.587],[84.99,20.571],[84.898,20.58],[84.852,20.528],[84.894,20.496],[84.946,20.492],[85.077,20.416],[85.118,20.406],[85.16,20.378],[85.342,20.357],[85.356,20.302],[85.335,20.28],[85.45,20.263],[85.462,20.295],[85.525,20.304],[85.627,20.292],[85.64,20.319],[85.684,20.34],[85.716,20.399],[85.76,20.404],[85.802,20.434],[85.827,20.393],[85.802,20.325],[85.885,20.287],[85.872,20.34],[85.917,20.346],[85.934,20.273],[86.008,20.224],[86.026,20.176],[86.083,20.106],[86.077,20.082],[86.154,20.042],[86.189,20.053],[86.157,20.094],[86.156,20.211],[86.079,20.246],[86.035,20.312],[86.015,20.381],[86.028,20.401],[86.087,20.367],[86.137,20.357],[86.169,20.376],[86.202,20.363],[86.255,20.367],[86.28,20.425],[86.268,20.451],[86.278,20.517],[86.253,20.538],[86.284,20.584]]]},"properties":{"code":"D381","name":"Cuttack","state":"OD"}},
{"type":"Feature","geometry":{"type":"Polygon","coordinates":[[[75.557,12.915],[75.555,12.945],[75.516,12.981],[75.531,13],[75.526,13.048],[75.487,13.092],[75.434,13.12],[75.377,13.181],[75.329,13.17],[75.311,13.132],[75.254,13.129],[75.2,13.179],[75.162,13.133],[75.13,13.135],[75.077,13.045],[75.014,12.984],[74.999,13.013],[74.965,13.013],[74.886,13.044],[74.89,13.096],[74.863,13.126],[74.831,13.126],[74.788,13.097],[74.783,13.031],[74.807,12.895],[74.863,12.758],[74.954,12.784],[75.005,12.79],[74.992,12.742],[75.003,12.718],[75.05,12.719],[75.048,12.664],[75.113,12.68],[75.162,12.669],[75.156,12.624],[75.202,12.63],[75.215,12.578],[75.239,12.569],[75.278,12.616],[75.303,12.604],[75.272,12.558],[75.306,12.502],[75.372,12.488],[75.417,12.502],[75.436,12.528],[75.472,12.498],[75.465,12.472],[75.558,12.501],[75.593,12.537],[75.618,12.51],[75.673,12.555],[75.649,12.666],[75.673,12.7],[75.638,12.696],[75.66,12.75],[75.614,12.798],[75.623,12.857],[75.565,12.874],[75.557,12.915]]]},"properties":{"code":"D575","name":"Dakshina Kannada","state":"KA"}},
{"type":"Feature","geometry":{"type":"Polygon","coordinates":[[[92.355,26.585],[92.328,26.592],[92.336,26.669],[92.301,26.665],[92.27,26.592],[92.189,26.669],[92.076,26.629],[92.028,26.56],[91.969,26.554],[91.936,26.574],[91.789,26.499],[91.785,26.496],[91.781,26.491],[91.767,26.466],[91.783,26.411],[91.821,26.379],[91.822,26.325],[91.787,26.296],[91.787,26.244],[91.755,26.205],[91.762,26.2],[91.892,26.219],[91.956,26.254],[91.984,26.275],[92.051,26.281],[92.086,26.337],[92.144,26.399],[92.181,26.423],[92.223,26.417],[92.257,26.451],[92.291,26.46],[92.346,26.502],[92.364,26.586],[92.355,26.585]]]},"properties":{"code":"D325","name":"Darrang","state":"AS"}},
{"type":"Feature","geometry":{"type":"Polygon","coordinates":[[[76.508,14.564],[76.425,14.581],[76.433,14.619],[76.395,14.628],[76.377,14.664],[76.345,14.666],[76.324,14.692],[76.25,14.694],[76.231,14.649],[76.187,14.701],[76.203,14.751],[76.145,14.81],[76.191,14.847],[76.128,14.87],[76.075,14.868],[76.08,14.9],[76.052,14.918],[75.997,14.898],[75.972,14.907],[75.887,14.87],[75.828,14.898],[75.804,14.874],[75.837,14.806],[75.801,14.769],[75.773,14.793],[75.757,14.738],[75.74,14.685],[75.794,14.682],[75.812,14.651],[75.805,14.599],[75.819,14.562],[75.796,14.509],[75.755,14.514],[75.722,14.477],[75.688,14.49],[75.642,14.43],[75.623,14.337],[75.58,14.276],[75.536,14.277],[75.529,14.21],[75.479,14.215],[75.461,14.173],[75.4,14.114],[75.452,14.095],[75.516,14.096],[75.586,14.057],[75.636,14.079],[75.671,14.066],[75.723,14.075],[75.74,14.101],[75.814,14.098],[75.827,13.972],[75.858,13.914],[75.88,13.81],[75.944,13.813],[75.972,13.855],[76.031,13.869],[76.034,13.896],[76.046,13.94],[76.055,14.072],[76.025,14.108],[76.062,14.159],[76.062,14.22],[76.08,14.244],[76.132,14.255],[76.111,14.315],[76.157,14.32],[76.152,14.406],[76.138,14.426],[76.205,14.457],[76.262,14.442],[76.279,14.406],[76.333,14.407],[76.384,14.42],[76.428,14.448],[76.46,14.451],[76.46,14.501],[76.533,14.535],[76.508,14.564]]]},"properties":{"code":"D567","name":"Davanagere","state":"KA"}},
{"type":"Feature","geometry":{"type":"Polygon","coordinates":[[[84.68,21.735],[84.652,21.74],[84.628,21.695],[84.579,21.7],[84.538,21.676],[84.513,21.683],[84.491,21.638],[84.553,21.592],[84.512,21.559],[84.482,21.424],[84.5,21.363],[84.538,21.381],[84.57,21.321],[84.574,21.262],[84.632,21.276],[84.666,21.312],[84.717,21.315],[84.766,21.272],[84.761,21.233],[84.728,21.224],[84.745,21.171],[84.801,21.134],[84.823,21.173],[84.881,21.165],[84.923,21.142],[84.95,21.176],[84.931,21.232],[84.904,21.253],[84.963,21.299],[85.008,21.29],[85.008,21.383],[84.996,21.415],[85.023,21.456],[85.157,21.46],[85.206,21.52],[85.216,21.554],[85.191,21.587],[85.151,21.594],[85.037,21.607],[85.028,21.672],[84.96,21.683],[84.866,21.652],[84.793,21.668],[84.783,21.625],[84.756,21.628],[84.749,21.681],[84.721,21.715],[84.68,21.735]]]},"properties":{"code":"D373","name":"Debagarh","state":"OD"}},
{"type":"Feature","geometry":{"type":"Polygon","coordinates":[[[84.058,26.548],[84.011,26.576],[83.97,26.623],[83.961,26.671],[83.904,26.696],[83.875,26.748],[83.812,26.747],[83.801,26.714],[83.716,26.686],[83.683,26.7],[83.655,26.658],[83.632,26.657],[83.602,26.515],[83.501,26.494],[83.482,26.457],[83.524,26.4],[83.566,26.393],[83.625,26.322],[83.658,26.319],[83.635,26.223],[83.742,26.262],[83.79,26.23],[83.811,26.191],[83.864,26.185],[83.899,26.127],[83.958,26.132],[83.98,26.116],[84.058,26.097],[84.037,26.161],[84.011,26.188],[84.043,26.23],[84.083,26.222],[84.166,26.259],[84.191,26.315],[84.18,26.372],[84.071,26.388],[84.025,26.439],[83.993,26.432],[83.911,26.448],[83.916,26.504],[83.975,26.509],[84.058,26.548]]]},"properties":{"code":"D190","name":"Deoria","state":"UP"}},
{"type":"Feature","geometry":{"type":"Polygon","coordinates":[[[75.42,15.062],[75.435,15.106],[75.402,15.174],[75.435,15.198],[75.415,15.301],[75.451,15.302],[75.459,15.349],[75.493,15.372],[75.495,15.471],[75.473,15.493],[75.486,15.531],[75.532,15.538],[75.535,15.59],[75.556,15.647],[75.504,15.648],[75.489,15.702],[75.414,15.656],[75.279,15.689],[75.203,15.682],[75.203,15.65],[75.107,15.672],[75.098,15.627],[74.967,15.651],[74.964,15.625],[74.89,15.63],[74.842,15.607],[74.841,15.574],[74.798,15.546],[74.813,15.503],[74.777,15.46],[74.745,15.461],[74.743,15.411],[74.821,15.384],[74.826,15.343],[74.899,15.299],[74.909,15.251],[74.873,15.213],[74.877,15.193],[74.829,15.133],[74.883,15.099],[74.893,15.045],[74.94,15.066],[75.081,15.073],[75.08,15.11],[75.108,15.138],[75.156,15.145],[75.142,15.1],[75.254,15.106],[75.338,15.159],[75.343,15.065],[75.369,15.047],[75.42,15.062]]]},"properties":{"code":"D562","name":"Dharwad","state":"KA"}},
{"type":"Feature","geometry":{"type":"Polygon","coordinates":[[[78.218,26.83],[78.213,26.872],[78.261,26.899],[78.241,26.928],[78.148,26.951],[78.095,26.896],[78.051,26.91],[77.918,26.908],[77.88,26.9],[77.773,26.932],[77.732,26.917],[77.724,26.876],[77.68,26.868],[77.616,26.829],[77.528,26.816],[77.456,26.741],[77.384,26.707],[77.349,26.711],[77.388,26.633],[77.358,26.594],[77.256,26.552],[77.227,26.531],[77.263,26.429],[77.311,26.44],[77.348,26.414],[77.373,26.366],[77.44,26.359],[77.435,26.401],[77.53,26.409],[77.559,26.435],[77.606,26.449],[77.679,26.504],[77.735,26.51],[77.747,26.537],[77.821,26.549],[77.828,26.594],[77.887,26.615],[77.912,26.66],[77.948,26.657],[78,26.697],[78.096,26.681],[78.104,26.784],[78.188,26.795],[78.218,26.83]]]},"properties":{"code":"D106","name":"Dhaulpur","state":"RJ"}},
{"type":"Feature","geometry":{"type":"Polygon","coordinates":[[[94.581,27.214],[94.58,27.215],[94.607,27.325],[94.667,27.349],[94.701,27.423],[94.747,27.435],[94.763,27.471],[94.873,27.557],[94.949,27.609],[94.986,27.651],[95.108,27.662],[95.123,27.68],[95.208,27.708],[95.195,27.667],[95.226,27.652],[95.278,27.682],[95.402,27.725],[95.46,27.774],[95.493,27.852],[95.518,27.877],[95.386,27.837],[95.318,27.867],[95.054,27.786],[94.886,27.738],[94.868,27.742],[94.851,27.707],[94.802,27.693],[94.745,27.66],[94.686,27.66],[94.642,27.627],[94.588,27.616],[94.502,27.574],[94.456,27.567],[94.423,27.598],[94.37,27.573],[94.291,27.591],[94.238,27.629],[94.214,27.608],[94.259,27.554],[94.262,27.52],[94.28,27.468],[94.322,27.423],[94.323,27.349],[94.337,27.328],[94.395,27.325],[94.463,27.305],[94.503,27.327],[94.525,27.293],[94.521,27.263],[94.556,27.222],[94.571,27.214],[94.579,27.214],[94.581,27.214]]]},"properties":{"code":"D308","name":"Dhemaji","state":"AS"}},
{"type":"Feature","geometry":{"type":"Polygon","coordinates":[[[85.729,21.143],[85.684,21.185],[85.6,21.137],[85.549,21.166],[85.502,21.114],[85.463,21.127],[85.395,21.185],[85.384,21.17],[85.321,21.16],[85.269,21.17],[85.244,21.124],[85.233,21.071],[85.196,21.081],[85.168,21.053],[85.257,20.993],[85.245,20.96],[85.258,20.879],[85.256,20.799],[85.199,20.783],[85.216,20.749],[85.199,20.708],[85.154,20.723],[85.115,20.682],[85.137,20.639],[85.13,20.615],[85.196,20.583],[85.213,20.548],[85.252,20.518],[85.379,20.495],[85.407,20.51],[85.458,20.485],[85.512,20.535],[85.59,20.512],[85.615,20.542],[85.659,20.55],[85.719,20.636],[85.809,20.66],[85.888,20.659],[85.912,20.698],[85.909,20.712],[85.986,20.735],[86.026,20.726],[86.021,20.809],[85.9,20.856],[85.92,20.927],[85.825,20.94],[85.758,20.991],[85.728,21.067],[85.701,21.08],[85.688,21.131],[85.729,21.143]]]},"properties":{"code":"D383","name":"Dhenkanal","state":"OD"}},
{"type":"Feature","geometry":{"type":"Polygon","coordinates":[[[90.429,26.36],[90.417,26.345],[90.411,26.341],[90.377,26.319],[90.377,26.294],[90.319,26.299],[90.358,26.349],[90.344,26.37],[90.283,26.32],[90.221,26.332],[90.211,26.362],[90.157,26.353],[90.109,26.329],[90.15,26.275],[90.123,26.261],[90.135,26.196],[90.072,26.173],[90.044,26.131],[89.977,26.145],[89.884,26.137],[89.855,26.259],[89.896,26.325],[89.893,26.359],[89.883,26.373],[89.868,26.375],[89.862,26.38],[89.86,26.382],[89.787,26.353],[89.786,26.331],[89.722,26.259],[89.723,26.166],[89.753,26.153],[89.801,26.073],[89.788,26.053],[89.872,25.976],[89.874,25.913],[89.84,25.878],[89.831,25.805],[89.843,25.761],[89.828,25.742],[89.883,25.615],[89.856,25.477],[89.879,25.492],[89.871,25.54],[89.89,25.558],[90.006,25.584],[90.022,25.608],[89.951,25.659],[89.941,25.687],[89.898,25.727],[89.959,25.775],[89.956,25.811],[90.012,25.847],[90.067,25.916],[90.115,25.954],[90.123,25.961],[90.18,25.991],[90.193,26.025],[90.166,26.086],[90.197,26.126],[90.248,26.148],[90.252,26.177],[90.292,26.186],[90.332,26.174],[90.379,26.181],[90.407,26.224],[90.474,26.272],[90.482,26.308],[90.436,26.354],[90.429,26.36]]]},"properties":{"code":"D301","name":"Dhubri","state":"AS"}},
{"type":"Feature","geometry":{"type":"Polygon","coordinates":[[[75.206,21.414],[75.128,21.447],[75.105,21.467],[75.056,21.563],[74.859,21.63],[74.822,21.608],[74.772,21.614],[74.757,21.572],[74.752,21.476],[74.699,21.47],[74.686,21.403],[74.639,21.399],[74.609,21.415],[74.573,21.403],[74.521,21.429],[74.509,21.39],[74.479,21.353],[74.498,21.29],[74.492,21.24],[74.447,21.237],[74.43,21.263],[74.36,21.253],[74.343,21.229],[74.272,21.249],[74.22,21.238],[74.182,21.21],[74.12,21.214],[74.058,21.171],[74.069,21.127],[74.02,21.144],[73.951,21.086],[73.96,21.044],[73.884,21.028],[73.851,20.997],[73.9,20.982],[73.89,20.932],[73.925,20.885],[73.939,20.839],[74.048,20.836],[74.126,20.865],[74.316,20.842],[74.34,20.851],[74.388,20.835],[74.422,20.805],[74.548,20.827],[74.622,20.798],[74.661,20.737],[74.651,20.695],[74.71,20.689],[74.738,20.668],[74.806,20.657],[74.815,20.634],[74.856,20.635],[74.929,20.657],[74.953,20.712],[74.991,20.736],[74.988,20.773],[74.962,20.805],[74.986,20.822],[74.97,20.877],[74.935,20.926],[74.914,20.927],[74.921,21.011],[74.891,21.052],[74.858,21.063],[74.887,21.113],[74.893,21.151],[74.963,21.192],[75.033,21.192],[75.042,21.211],[75.104,21.236],[75.14,21.294],[75.126,21.339],[75.161,21.403],[75.206,21.414]]]},"properties":{"code":"D498","name":"Dhule","state":"MH"}},
{"type":"Feature","geometry":{"type":"Polygon","coordinates":[[[95.278,27.682],[95.226,27.652],[95.195,27.667],[95.208,27.708],[95.123,27.68],[95.108,27.662],[94.986,27.651],[94.949,27.609],[94.873,27.557],[94.763,27.471],[94.747,27.435],[94.701,27.423],[94.667,27.349],[94.607,27.325],[94.58,27.215],[94.582,27.21],[94.571,27.178],[94.596,27.145],[94.647,27.247],[94.696,27.268],[94.754,27.269],[94.779,27.239],[94.781,27.191],[94.766,27.128],[94.849,27.108],[94.887,27.157],[94.97,27.229],[94.981,27.15],[95.062,27.136],[95.163,27.131],[95.241,27.186],[95.289,27.197],[95.359,27.168],[95.372,27.105],[95.458,27.129],[95.459,27.203],[95.491,27.243],[95.452,27.295],[95.441,27.363],[95.397,27.391],[95.377,27.38],[95.271,27.405],[95.222,27.458],[95.232,27.496],[95.303,27.583],[95.323,27.587],[95.292,27.67],[95.278,27.682]]]},"properties":{"code":"D310","name":"Dibrugarh","state":"AS"}},
{"type":"Feature","geometry":{"type":"Polygon","coordinates":[[[74.314,23.945],[74.275,23.936],[74.259,23.93],[74.227,23.909],[74.205,23.955],[74.175,23.97],[74.16,24.013],[74.081,23.968],[74.049,23.981],[74.002,23.968],[73.918,23.983],[73.858,23.936],[73.738,23.943],[73.697,23.958],[73.671,23.939],[73.592,23.965],[73.518,23.931],[73.469,23.847],[73.432,23.837],[73.404,23.806],[73.366,23.814],[73.447,23.752],[73.475,23.708],[73.507,23.696],[73.497,23.634],[73.523,23.61],[73.567,23.652],[73.615,23.65],[73.657,23.622],[73.633,23.53],[73.629,23.451],[73.701,23.454],[73.714,23.417],[73.761,23.457],[73.78,23.433],[73.824,23.445],[73.864,23.394],[73.891,23.335],[73.936,23.34],[73.959,23.38],[74.012,23.441],[74.032,23.544],[74.071,23.599],[74.118,23.61],[74.136,23.692],[74.121,23.711],[74.154,23.787],[74.239,23.814],[74.318,23.857],[74.384,23.906],[74.367,23.933],[74.326,23.936],[74.314,23.945]]]},"properties":{"code":"D124","name":"Dungarpur","state":"RJ"}},
{"type":"Feature","geometry":{"type":"Polygon","coordinates":[[[79.178,27.584],[79.169,27.576],[79.16,27.57],[79.149,27.569],[79.126,27.555],[79.102,27.557],[78.979,27.649],[78.983,27.598],[78.966,27.564],[78.929,27.559],[78.891,27.587],[78.808,27.608],[78.744,27.642],[78.698,27.686],[78.676,27.735],[78.606,27.748],[78.604,27.766],[78.53,27.769],[78.536,27.754],[78.526,27.75],[78.524,27.746],[78.518,27.743],[78.515,27.74],[78.519,27.734],[78.508,27.705],[78.506,27.624],[78.471,27.619],[78.387,27.566],[78.334,27.583],[78.273,27.526],[78.22,27.513],[78.18,27.433],[78.198,27.403],[78.226,27.406],[78.297,27.382],[78.286,27.313],[78.311,27.313],[78.4,27.371],[78.438,27.361],[78.485,27.382],[78.466,27.421],[78.545,27.442],[78.607,27.51],[78.662,27.49],[78.646,27.42],[78.717,27.376],[78.734,27.336],[78.836,27.361],[78.84,27.409],[78.907,27.464],[78.96,27.419],[79,27.433],[79.064,27.417],[79.11,27.432],[79.147,27.377],[79.167,27.381],[79.216,27.329],[79.251,27.331],[79.269,27.347],[79.249,27.417],[79.248,27.473],[79.275,27.511],[79.226,27.536],[79.224,27.574],[79.183,27.582],[79.178,27.584]]]},"properties":{"code":"D201","name":"Etah","state":"UP"}},
{"type":"Feature","geometry":{"type":"Polygon","coordinates":[[[79.327,26.96],[79.272,26.988],[79.197,26.975],[79.193,27.001],[79.117,27],[79.055,26.983],[79.002,26.932],[78.956,26.971],[78.818,26.956],[78.77,26.943],[78.749,26.914],[78.783,26.865],[78.808,26.869],[78.852,26.809],[78.794,26.797],[78.779,26.758],[78.82,26.76],[78.874,26.699],[78.913,26.708],[78.993,26.68],[79.014,26.605],[78.991,26.588],[79.007,26.545],[79.07,26.498],[79.056,26.456],[79.135,26.439],[79.233,26.428],[79.288,26.482],[79.259,26.536],[79.232,26.54],[79.259,26.619],[79.316,26.652],[79.299,26.693],[79.339,26.735],[79.326,26.789],[79.339,26.872],[79.337,26.938],[79.327,26.96]]]},"properties":{"code":"D161","name":"Etawah","state":"UP"}},
{"type":"Feature","geometry":{"type":"Polygon","coordinates":[[[82.225,26.807],[82.186,26.833],[82.142,26.832],[82.09,26.809],[82.04,26.807],[81.977,26.778],[81.92,26.789],[81.885,26.833],[81.844,26.838],[81.755,26.885],[81.725,26.919],[81.719,26.92],[81.72,26.91],[81.718,26.902],[81.703,26.88],[81.637,26.883],[81.616,26.869],[81.608,26.809],[81.585,26.766],[81.581,26.682],[81.55,26.665],[81.545,26.642],[81.549,26.64],[81.561,26.641],[81.561,26.642],[81.582,26.652],[81.619,26.626],[81.655,26.582],[81.705,26.587],[81.702,26.54],[81.863,26.533],[81.937,26.506],[82.083,26.47],[82.11,26.471],[82.164,26.423],[82.221,26.407],[82.279,26.454],[82.311,26.503],[82.339,26.577],[82.379,26.573],[82.391,26.543],[82.431,26.546],[82.468,26.582],[82.479,26.652],[82.414,26.645],[82.382,26.658],[82.318,26.723],[82.241,26.748],[82.225,26.807]]]},"properties":{"code":"D177","name":"Faizabad","state":"UP"}},
{"type":"Feature","geometry":{"type":"Polygon","coordinates":[[[79.209,27.707],[79.136,27.703],[79.134,27.632],[79.184,27.613],[79.175,27.584],[79.183,27.582],[79.224,27.574],[79.226,27.536],[79.275,27.511],[79.248,27.473],[79.249,27.417],[79.269,27.347],[79.251,27.331],[79.289,27.282],[79.321,27.287],[79.339,27.215],[79.395,27.196],[79.448,27.21],[79.522,27.209],[79.562,27.159],[79.633,27.184],[79.681,27.171],[79.697,27.214],[79.726,27.216],[79.7,27.229],[79.733,27.28],[79.722,27.327],[79.69,27.368],[79.747,27.452],[79.716,27.473],[79.664,27.495],[79.653,27.614],[79.631,27.634],[79.59,27.591],[79.48,27.596],[79.445,27.64],[79.35,27.652],[79.209,27.707]]]},"properties":{"code":"D159","name":"Farrukhabad","state":"UP"}},
{"type":"Feature","geometry":{"type":"Polygon","coordinates":[[[80.676,26.121],[80.658,26.145],[80.614,26.152],[80.602,26.224],[80.567,26.227],[80.521,26.188],[80.45,26.18],[80.324,26.113],[80.302,26.061],[80.263,26.048],[80.248,25.99],[80.217,25.972],[80.237,25.922],[80.272,25.931],[80.301,25.893],[80.35,25.899],[80.389,25.911],[80.457,25.899],[80.556,25.867],[80.536,25.835],[80.482,25.833],[80.469,25.81],[80.523,25.777],[80.576,25.783],[80.556,25.735],[80.591,25.71],[80.654,25.702],[80.72,25.681],[80.767,25.684],[80.848,25.72],[80.863,25.676],[80.937,25.687],[80.948,25.621],[80.971,25.609],[81.02,25.633],[81.034,25.592],[81.022,25.544],[81.063,25.521],[81.151,25.505],[81.191,25.488],[81.193,25.452],[81.219,25.447],[81.263,25.544],[81.226,25.595],[81.211,25.642],[81.237,25.742],[81.315,25.781],[81.337,25.81],[81.297,25.844],[81.221,25.874],[81.217,25.926],[81.116,25.955],[81.072,25.997],[81.019,26.063],[80.94,26.066],[80.852,26.036],[80.811,26.033],[80.761,26.073],[80.708,26.087],[80.676,26.121]]]},"properties":{"code":"D172","name":"Fatehpur","state":"UP"}},
{"type":"Feature","geometry":{"type":"Polygon","coordinates":[[[78.734,27.336],[78.717,27.376],[78.646,27.42],[78.662,27.49],[78.607,27.51],[78.545,27.442],[78.466,27.421],[78.485,27.382],[78.438,27.361],[78.4,27.371],[78.311,27.313],[78.286,27.313],[78.222,27.299],[78.22,27.24],[78.204,27.198],[78.22,27.157],[78.203,27.13],[78.227,27.076],[78.364,27.079],[78.433,27.041],[78.452,26.984],[78.516,26.957],[78.573,26.963],[78.593,26.925],[78.674,26.878],[78.676,26.917],[78.749,26.914],[78.77,26.943],[78.818,26.956],[78.78,27.05],[78.789,27.153],[78.763,27.202],[78.727,27.325],[78.734,27.336]]]},"properties":{"code":"D147","name":"Firozabad","state":"UP"}},
{"type":"Feature","geometry":{"type":"Polygon","coordinates":[[[75.846,15.838],[75.778,15.85],[75.78,15.817],[75.746,15.813],[75.663,15.837],[75.54,15.832],[75.501,15.87],[75.455,15.886],[75.428,15.842],[75.378,15.843],[75.365,15.805],[75.304,15.811],[75.314,15.731],[75.279,15.689],[75.414,15.656],[75.489,15.702],[75.504,15.648],[75.556,15.647],[75.535,15.59],[75.532,15.538],[75.486,15.531],[75.473,15.493],[75.495,15.471],[75.493,15.372],[75.459,15.349],[75.451,15.302],[75.415,15.301],[75.435,15.198],[75.402,15.174],[75.435,15.106],[75.42,15.062],[75.463,15.043],[75.499,15.047],[75.539,15.027],[75.544,14.978],[75.6,14.955],[75.634,14.985],[75.671,14.986],[75.702,14.948],[75.744,14.944],[75.786,15],[75.841,15.041],[75.868,15.033],[75.907,15.058],[75.886,15.097],[75.905,15.131],[75.95,15.137],[75.926,15.181],[75.89,15.288],[75.903,15.402],[75.866,15.408],[75.86,15.444],[75.826,15.45],[75.818,15.508],[75.86,15.514],[75.868,15.595],[75.899,15.607],[75.872,15.673],[75.871,15.715],[75.921,15.728],[75.969,15.665],[76.007,15.717],[76.046,15.725],[76.04,15.768],[75.99,15.802],[75.964,15.784],[75.928,15.793],[75.846,15.838]]]},"properties":{"code":"D561","name":"Gadag","state":"KA"}},
{"type":"Feature","geometry":{"type":"Polygon","coordinates":[[[84.241,19.575],[84.239,19.572],[84.235,19.572],[84.228,19.573],[84.209,19.589],[84.151,19.587],[84.135,19.628],[84.029,19.632],[84.023,19.625],[84.019,19.625],[84.015,19.623],[84.004,19.627],[84,19.626],[83.985,19.621],[83.976,19.621],[83.956,19.634],[83.943,19.635],[83.927,19.63],[83.936,19.566],[83.977,19.53],[83.979,19.485],[83.944,19.42],[83.947,19.398],[84.017,19.374],[84.03,19.345],[84.022,19.285],[83.984,19.205],[83.987,19.159],[84.024,19.141],[84.014,19.093],[83.966,19.043],[83.988,19.02],[83.952,18.989],[83.913,19.017],[83.898,18.984],[83.863,18.979],[83.814,19.031],[83.796,19.016],[83.843,18.918],[83.851,18.86],[83.878,18.827],[84.056,18.792],[84.099,18.754],[84.167,18.784],[84.224,18.796],[84.254,18.783],[84.291,18.8],[84.34,18.801],[84.393,18.892],[84.437,18.923],[84.423,18.947],[84.435,18.992],[84.382,18.99],[84.354,19.017],[84.389,19.116],[84.364,19.192],[84.398,19.2],[84.425,19.262],[84.416,19.333],[84.39,19.391],[84.407,19.445],[84.381,19.494],[84.372,19.539],[84.333,19.549],[84.305,19.495],[84.257,19.497],[84.241,19.575]]]},"properties":{"code":"D389","name":"Gajapati","state":"OD"}},
{"type":"Feature","geometry":{"type":"Polygon","coordinates":[[[74.288,29.955],[74.078,29.97],[73.9,29.971],[73.89,29.998],[73.908,30.055],[73.972,30.129],[73.976,30.196],[73.847,30.11],[73.803,30.071],[73.62,30.025],[73.408,29.946],[73.394,29.929],[73.305,29.636],[73.271,29.546],[73.198,29.431],[73.085,29.236],[72.999,29.143],[72.949,29.033],[72.934,29.023],[72.747,28.952],[72.648,28.903],[72.747,28.783],[72.765,28.8],[72.934,28.729],[72.958,28.74],[73.011,28.714],[73.035,28.743],[73.116,28.767],[73.16,28.795],[73.159,28.818],[73.205,28.853],[73.197,28.884],[73.228,28.93],[73.28,28.94],[73.345,29.006],[73.388,29.01],[73.427,28.992],[73.487,29.012],[73.521,28.995],[73.57,28.997],[73.624,29.037],[73.656,29.019],[73.731,29.026],[73.772,29.052],[73.799,29.007],[73.877,28.941],[73.911,28.961],[73.96,28.946],[73.975,28.904],[74.026,28.933],[74.02,28.96],[74.042,29.012],[74.042,29.01],[74.044,29.011],[74.062,29.019],[74.065,29.021],[74.071,29.023],[74.102,29.045],[74.203,29.15],[74.216,29.234],[74.238,29.271],[74.214,29.293],[74.168,29.269],[74.097,29.259],[74.026,29.282],[73.987,29.342],[73.924,29.378],[73.862,29.35],[73.843,29.397],[73.92,29.437],[73.886,29.495],[73.808,29.538],[73.803,29.601],[73.909,29.624],[73.927,29.652],[74.011,29.678],[74,29.716],[74.08,29.705],[74.1,29.739],[74.169,29.77],[74.176,29.802],[74.213,29.819],[74.217,29.851],[74.275,29.849],[74.285,29.882],[74.263,29.908],[74.283,29.939],[74.305,29.942],[74.306,29.944],[74.304,29.947],[74.302,29.953],[74.301,29.956],[74.299,29.956],[74.288,29.955]]]},"properties":{"code":"D99","name":"Ganganagar","state":"RJ"}},
{"type":"Feature","geometry":{"type":"Polygon","coordinates":[[[84.94,19.897],[84.906,19.914],[84.924,19.941],[84.902,19.993],[84.863,20],[84.857,20.03],[84.811,20.07],[84.829,20.223],[84.744,20.245],[84.697,20.281],[84.634,20.194],[84.585,20.191],[84.587,20.174],[84.559,20.161],[84.564,20.146],[84.564,20.141],[84.552,20.143],[84.53,20.143],[84.506,20.14],[84.479,20.146],[84.453,20.17],[84.459,20.188],[84.446,20.207],[84.438,20.206],[84.436,20.202],[84.436,20.195],[84.429,20.185],[84.436,20.156],[84.415,20.12],[84.402,20.073],[84.416,20.054],[84.333,20.011],[84.377,19.966],[84.434,19.958],[84.47,19.939],[84.461,19.853],[84.446,19.843],[84.451,19.835],[84.446,19.83],[84.441,19.83],[84.433,19.837],[84.424,19.835],[84.383,19.842],[84.321,19.877],[84.317,19.887],[84.308,19.906],[84.29,19.894],[84.278,19.878],[84.253,19.872],[84.235,19.868],[84.214,19.864],[84.195,19.86],[84.187,19.861],[84.185,19.86],[84.202,19.835],[84.174,19.82],[84.169,19.804],[84.174,19.792],[84.173,19.79],[84.167,19.786],[84.133,19.78],[84.134,19.776],[84.15,19.756],[84.162,19.734],[84.247,19.642],[84.227,19.626],[84.236,19.609],[84.235,19.597],[84.241,19.575],[84.257,19.497],[84.305,19.495],[84.333,19.549],[84.372,19.539],[84.381,19.494],[84.407,19.445],[84.39,19.391],[84.416,19.333],[84.425,19.262],[84.398,19.2],[84.364,19.192],[84.389,19.116],[84.354,19.017],[84.382,18.99],[84.435,18.992],[84.479,18.99],[84.517,19.046],[84.561,19.056],[84.604,19.029],[84.627,19.085],[84.617,19.126],[84.668,19.131],[84.672,19.165],[84.714,19.152],[84.705,19.118],[84.769,19.08],[84.809,19.153],[84.891,19.244],[84.967,19.304],[85.092,19.38],[85.1,19.403],[85.178,19.464],[85.139,19.524],[85.177,19.558],[85.184,19.675],[85.129,19.749],[85.088,19.767],[85.044,19.806],[85.01,19.803],[84.972,19.853],[84.936,19.872],[84.94,19.897]]]},"properties":{"code":"D388","name":"Ganjam","state":"OD"}},
{"type":"Feature","geometry":{"type":"Polygon","coordinates":[[[80.563,20.821],[80.506,20.831],[80.415,20.824],[80.381,20.805],[80.332,20.82],[80.322,20.753],[80.273,20.672],[80.229,20.653],[80.162,20.687],[80.087,20.689],[80.058,20.708],[80.019,20.666],[79.965,20.69],[79.933,20.667],[79.943,20.638],[79.928,20.552],[79.953,20.528],[79.941,20.447],[79.962,20.415],[79.974,20.361],[79.945,20.294],[79.992,20.238],[79.99,20.207],[79.934,20.187],[79.914,20.141],[79.965,20.121],[79.992,20.045],[79.951,19.985],[79.913,19.968],[79.871,19.984],[79.849,20.032],[79.814,20.029],[79.781,20],[79.777,19.95],[79.806,19.9],[79.744,19.823],[79.747,19.779],[79.787,19.717],[79.792,19.596],[79.835,19.54],[79.885,19.503],[79.918,19.495],[79.952,19.462],[79.98,19.404],[79.952,19.287],[79.927,19.23],[79.949,19.179],[79.865,19.107],[79.868,19.063],[79.933,19.046],[79.948,18.941],[79.946,18.863],[79.901,18.835],[79.939,18.788],[80.019,18.771],[80.053,18.725],[80.114,18.682],[80.165,18.7],[80.254,18.706],[80.275,18.722],[80.248,18.753],[80.307,18.798],[80.354,18.815],[80.343,18.86],[80.271,18.945],[80.275,18.991],[80.339,19.105],[80.328,19.128],[80.353,19.167],[80.388,19.185],[80.396,19.247],[80.453,19.274],[80.478,19.333],[80.521,19.352],[80.567,19.401],[80.591,19.381],[80.611,19.316],[80.672,19.33],[80.691,19.291],[80.757,19.291],[80.834,19.352],[80.795,19.431],[80.875,19.447],[80.899,19.47],[80.886,19.523],[80.86,19.528],[80.827,19.569],[80.792,19.564],[80.728,19.612],[80.669,19.612],[80.673,19.691],[80.62,19.732],[80.589,19.741],[80.547,19.778],[80.551,19.814],[80.525,19.832],[80.467,19.831],[80.497,19.896],[80.451,19.896],[80.41,19.912],[80.451,19.955],[80.477,19.936],[80.527,19.934],[80.551,19.984],[80.54,20.007],[80.553,20.068],[80.547,20.112],[80.458,20.147],[80.401,20.146],[80.42,20.19],[80.39,20.244],[80.463,20.271],[80.518,20.272],[80.549,20.309],[80.624,20.328],[80.593,20.394],[80.61,20.435],[80.62,20.592],[80.586,20.616],[80.526,20.586],[80.488,20.619],[80.526,20.663],[80.585,20.68],[80.567,20.713],[80.55,20.793],[80.563,20.821]]]},"properties":{"code":"D508","name":"Garhchiroli","state":"MH"}},
{"type":"Feature","geometry":{"type":"Polygon","coordinates":[[[77.675,28.105],[77.701,28.114],[77.75,28.174],[77.708,28.24],[77.683,28.249],[77.683,28.319],[77.697,28.348],[77.679,28.392],[77.643,28.409],[77.639,28.478],[77.647,28.483],[77.649,28.485],[77.653,28.485],[77.658,28.487],[77.661,28.491],[77.69,28.508],[77.689,28.552],[77.656,28.595],[77.567,28.616],[77.522,28.647],[77.475,28.625],[77.406,28.629],[77.411,28.674],[77.337,28.68],[77.336,28.677],[77.328,28.674],[77.324,28.638],[77.346,28.603],[77.305,28.577],[77.305,28.556],[77.348,28.503],[77.446,28.426],[77.504,28.353],[77.476,28.336],[77.506,28.301],[77.502,28.275],[77.548,28.185],[77.521,28.159],[77.509,28.117],[77.479,28.078],[77.573,28.079],[77.609,28.108],[77.642,28.094],[77.674,28.108],[77.675,28.105]]]},"properties":{"code":"D141","name":"Gautam Buddha Nagar","state":"UP"}},
{"type":"Feature","geometry":{"type":"Polygon","coordinates":[[[78.116,28.856],[78.035,28.863],[77.969,28.843],[77.897,28.866],[77.869,28.862],[77.854,28.801],[77.793,28.786],[77.788,28.767],[77.732,28.736],[77.698,28.743],[77.717,28.787],[77.693,28.875],[77.597,28.875],[77.462,28.906],[77.462,28.92],[77.409,28.875],[77.413,28.791],[77.413,28.782],[77.363,28.802],[77.308,28.791],[77.287,28.833],[77.228,28.83],[77.211,28.787],[77.214,28.784],[77.316,28.712],[77.337,28.68],[77.411,28.674],[77.406,28.629],[77.475,28.625],[77.522,28.647],[77.567,28.616],[77.656,28.595],[77.689,28.552],[77.713,28.553],[77.716,28.552],[77.757,28.564],[77.801,28.615],[77.858,28.651],[77.902,28.659],[77.937,28.702],[77.968,28.714],[78.01,28.697],[78.027,28.671],[78.128,28.622],[78.149,28.63],[78.169,28.617],[78.181,28.616],[78.209,28.615],[78.174,28.692],[78.152,28.707],[78.119,28.788],[78.116,28.856]]]},"properties":{"code":"D140","name":"Ghaziabad","state":"UP"}},
{"type":"Feature","geometry":{"type":"Polygon","coordinates":[[[83.733,25.856],[83.66,25.891],[83.508,25.864],[83.402,25.837],[83.379,25.798],[83.346,25.814],[83.286,25.76],[83.269,25.776],[83.221,25.759],[83.185,25.673],[83.148,25.653],[83.067,25.651],[83.083,25.57],[83.072,25.551],[83.087,25.494],[83.18,25.51],[83.2,25.532],[83.289,25.504],[83.34,25.463],[83.381,25.488],[83.414,25.487],[83.505,25.406],[83.549,25.348],[83.543,25.313],[83.628,25.327],[83.718,25.393],[83.77,25.386],[83.929,25.56],[83.946,25.59],[83.933,25.64],[83.948,25.675],[83.955,25.748],[83.884,25.763],[83.863,25.793],[83.819,25.783],[83.733,25.856]]]},"properties":{"code":"D195","name":"Ghazipur","state":"UP"}},
{"type":"Feature","geometry":{"type":"Polygon","coordinates":[[[90.939,26.094],[90.872,26.098],[90.78,26.134],[90.725,26.135],[90.695,26.153],[90.656,26.241],[90.523,26.208],[90.424,26.199],[90.379,26.181],[90.332,26.174],[90.292,26.186],[90.252,26.177],[90.248,26.148],[90.197,26.126],[90.166,26.086],[90.193,26.025],[90.18,25.991],[90.123,25.961],[90.217,25.954],[90.328,25.974],[90.369,26.01],[90.4,26.014],[90.432,25.989],[90.481,26.015],[90.538,25.958],[90.582,25.958],[90.633,25.937],[90.717,25.952],[90.744,25.915],[90.781,25.908],[90.801,25.941],[90.886,25.951],[90.961,25.933],[90.971,25.887],[91.032,25.887],[91.051,25.941],[91.101,26.009],[91.069,26.044],[91.03,26.04],[90.939,26.094]]]},"properties":{"code":"D302","name":"Goalpara","state":"AS"}},
{"type":"Feature","geometry":{"type":"Polygon","coordinates":[[[93.823,26.824],[93.822,26.823],[93.774,26.844],[93.755,26.805],[93.713,26.817],[93.651,26.778],[93.667,26.714],[93.651,26.705],[93.567,26.724],[93.511,26.76],[93.434,26.744],[93.405,26.753],[93.349,26.732],[93.309,26.698],[93.322,26.657],[93.288,26.635],[93.304,26.578],[93.404,26.581],[93.414,26.568],[93.561,26.608],[93.627,26.591],[93.687,26.606],[93.74,26.585],[93.737,26.55],[93.789,26.463],[93.8,26.39],[93.829,26.417],[93.885,26.387],[93.892,26.342],[93.877,26.266],[93.837,26.207],[93.836,26.16],[93.783,26.039],[93.802,25.977],[93.773,25.962],[93.798,25.905],[93.78,25.842],[93.796,25.81],[93.852,25.859],[93.883,25.841],[93.916,25.883],[93.968,25.906],[93.983,25.922],[93.956,25.97],[93.955,26.003],[93.986,26.079],[94.013,26.182],[94.036,26.199],[94.108,26.322],[94.168,26.349],[94.138,26.35],[94.119,26.4],[94.131,26.445],[94.1,26.492],[94.118,26.554],[94.074,26.597],[94.097,26.645],[94.052,26.673],[94.049,26.728],[94.004,26.746],[93.981,26.789],[93.92,26.784],[93.868,26.814],[93.831,26.813],[93.827,26.816],[93.825,26.819],[93.823,26.824]]]},"properties":{"code":"D313","name":"Golaghat","state":"AS"}},
{"type":"Feature","geometry":{"type":"Polygon","coordinates":[[[82.077,27.411],[82.004,27.411],[81.98,27.44],[81.933,27.42],[81.91,27.366],[81.921,27.331],[81.849,27.325],[81.841,27.291],[81.797,27.296],[81.731,27.33],[81.685,27.32],[81.705,27.271],[81.67,27.239],[81.632,27.138],[81.608,27.141],[81.516,27.083],[81.507,27.059],[81.56,27.05],[81.602,27.021],[81.655,27.004],[81.658,26.962],[81.726,26.957],[81.718,26.92],[81.725,26.919],[81.755,26.885],[81.844,26.838],[81.885,26.833],[81.92,26.789],[81.977,26.778],[82.04,26.807],[82.09,26.809],[82.142,26.832],[82.186,26.833],[82.225,26.807],[82.233,26.868],[82.25,26.894],[82.244,26.934],[82.329,26.956],[82.36,26.931],[82.399,26.947],[82.487,26.905],[82.52,26.952],[82.563,26.965],[82.591,27.002],[82.559,27.057],[82.568,27.075],[82.476,27.166],[82.478,27.162],[82.48,27.156],[82.443,27.129],[82.412,27.078],[82.339,27.054],[82.258,27.151],[82.217,27.179],[82.239,27.223],[82.288,27.199],[82.315,27.218],[82.279,27.275],[82.116,27.37],[82.077,27.411]]]},"properties":{"code":"D183","name":"Gonda","state":"UP"}},
{"type":"Feature","geometry":{"type":"Polygon","coordinates":[[[80.663,21.331],[80.6,21.325],[80.526,21.39],[80.455,21.403],[80.45,21.374],[80.406,21.381],[80.396,21.408],[80.418,21.438],[80.382,21.491],[80.377,21.521],[80.302,21.575],[80.267,21.62],[80.195,21.634],[80.151,21.605],[80.125,21.609],[80.07,21.554],[80.033,21.556],[80,21.534],[79.978,21.555],[79.934,21.553],[79.922,21.524],[79.924,21.482],[79.883,21.424],[79.803,21.379],[79.826,21.27],[79.848,21.245],[79.906,21.24],[79.942,21.252],[79.972,21.228],[80.05,21.21],[80.084,21.143],[80.072,21.119],[80.087,21.048],[80.048,21.003],[79.997,21.021],[79.953,21.013],[79.948,20.926],[79.909,20.887],[79.865,20.876],[79.87,20.78],[79.926,20.766],[79.934,20.712],[79.965,20.69],[80.019,20.666],[80.058,20.708],[80.087,20.689],[80.162,20.687],[80.229,20.653],[80.273,20.672],[80.322,20.753],[80.332,20.82],[80.381,20.805],[80.415,20.824],[80.506,20.831],[80.563,20.821],[80.557,20.89],[80.542,20.932],[80.466,20.929],[80.431,21.01],[80.455,21.05],[80.442,21.1],[80.464,21.173],[80.568,21.207],[80.646,21.256],[80.68,21.312],[80.663,21.331]]]},"properties":{"code":"D507","name":"Gondiya","state":"MH"}},
{"type":"Feature","geometry":{"type":"Polygon","coordinates":[[[83.545,26.88],[83.447,26.975],[83.331,26.981],[83.402,27.072],[83.341,27.091],[83.323,27.053],[83.178,27.087],[83.163,27.129],[83.13,27.141],[83.128,27.102],[83.174,27.002],[83.207,27.017],[83.227,26.987],[83.217,26.884],[83.135,26.864],[83.115,26.812],[83.113,26.766],[83.134,26.728],[83.09,26.715],[83.116,26.621],[83.155,26.542],[83.197,26.517],[83.097,26.484],[83.096,26.425],[83.071,26.408],[83.135,26.385],[83.163,26.397],[83.231,26.393],[83.288,26.358],[83.337,26.35],[83.441,26.271],[83.508,26.277],[83.534,26.277],[83.635,26.223],[83.658,26.319],[83.625,26.322],[83.566,26.393],[83.524,26.4],[83.482,26.457],[83.501,26.494],[83.602,26.515],[83.632,26.657],[83.62,26.753],[83.56,26.836],[83.545,26.88]]]},"properties":{"code":"D188","name":"Gorakhpur","state":"UP"}},
{"type":"Feature","geometry":{"type":"Polygon","coordinates":[[[76.692,17.682],[76.605,17.757],[76.525,17.76],[76.525,17.717],[76.487,17.715],[76.486,17.671],[76.43,17.646],[76.417,17.606],[76.332,17.596],[76.351,17.474],[76.374,17.436],[76.363,17.377],[76.409,17.371],[76.383,17.314],[76.276,17.332],[76.271,17.358],[76.229,17.365],[76.163,17.343],[76.121,17.368],[76.073,17.334],[76.066,17.309],[76.125,17.245],[76.195,17.183],[76.22,17.184],[76.244,17.149],[76.283,17.165],[76.366,17.176],[76.364,17.117],[76.399,17.072],[76.43,17.099],[76.435,16.98],[76.401,16.976],[76.401,16.935],[76.437,16.941],[76.438,16.867],[76.375,16.859],[76.355,16.819],[76.379,16.801],[76.372,16.767],[76.435,16.763],[76.46,16.711],[76.501,16.717],[76.509,16.741],[76.605,16.766],[76.634,16.737],[76.695,16.786],[76.744,16.782],[76.755,16.831],[76.819,16.87],[76.895,16.896],[76.904,16.852],[76.934,16.829],[76.992,16.819],[76.983,16.851],[77.041,16.879],[77.025,16.897],[77.062,16.947],[77.104,16.9],[77.179,16.934],[77.24,16.943],[77.273,16.925],[77.335,16.931],[77.408,16.881],[77.457,16.885],[77.468,16.956],[77.503,17.011],[77.467,17.107],[77.38,17.141],[77.364,17.165],[77.384,17.223],[77.458,17.279],[77.438,17.291],[77.46,17.348],[77.525,17.365],[77.514,17.43],[77.537,17.444],[77.577,17.433],[77.615,17.447],[77.615,17.473],[77.69,17.509],[77.661,17.524],[77.552,17.552],[77.531,17.576],[77.494,17.569],[77.444,17.584],[77.379,17.583],[77.301,17.598],[77.277,17.627],[77.231,17.632],[77.191,17.616],[77.155,17.629],[77.117,17.685],[77.089,17.66],[77.038,17.668],[76.995,17.695],[76.981,17.65],[76.929,17.635],[76.837,17.651],[76.771,17.647],[76.692,17.682]]]},"properties":{"code":"D579","name":"Gulbarga","state":"KA"}},
{"type":"Feature","geometry":{"type":"Polygon","coordinates":[[[92.765,24.518],[92.764,24.567],[92.739,24.587],[92.705,24.564],[92.67,24.591],[92.696,24.616],[92.667,24.639],[92.656,24.736],[92.68,24.813],[92.64,24.819],[92.631,24.853],[92.589,24.862],[92.545,24.799],[92.545,24.76],[92.523,24.74],[92.497,24.674],[92.519,24.567],[92.508,24.532],[92.507,24.437],[92.477,24.323],[92.422,24.251],[92.419,24.192],[92.436,24.15],[92.463,24.134],[92.532,24.178],[92.55,24.244],[92.611,24.251],[92.626,24.332],[92.691,24.354],[92.765,24.518]]]},"properties":{"code":"D318","name":"Hailakandi","state":"AS"}},
{"type":"Feature","geometry":{"type":"Polygon","coordinates":[[[80.237,25.922],[80.142,25.967],[80.084,26.005],[80.108,26.025],[80.095,26.078],[80.013,26.068],[79.958,26.078],[79.968,26.154],[79.966,26.155],[79.965,26.158],[79.922,26.091],[79.946,26.057],[79.954,26.007],[79.867,25.936],[79.87,25.882],[79.806,25.864],[79.768,25.873],[79.752,25.907],[79.617,25.903],[79.575,25.885],[79.574,25.85],[79.542,25.82],[79.508,25.856],[79.46,25.824],[79.45,25.787],[79.398,25.796],[79.375,25.777],[79.374,25.716],[79.387,25.683],[79.375,25.603],[79.41,25.545],[79.389,25.522],[79.467,25.506],[79.535,25.483],[79.593,25.495],[79.645,25.486],[79.66,25.542],[79.742,25.548],[79.739,25.526],[79.814,25.499],[79.831,25.549],[79.914,25.597],[79.943,25.592],[79.98,25.631],[80.026,25.588],[80,25.532],[80,25.489],[80.037,25.479],[80.024,25.444],[80.107,25.401],[80.121,25.407],[80.139,25.456],[80.191,25.442],[80.223,25.501],[80.215,25.554],[80.276,25.62],[80.317,25.645],[80.304,25.693],[80.347,25.717],[80.305,25.761],[80.276,25.768],[80.262,25.806],[80.302,25.843],[80.353,25.87],[80.35,25.899],[80.301,25.893],[80.272,25.931],[80.237,25.922]]]},"properties":{"code":"D168","name":"Hamirpur","state":"UP"}},
{"type":"Feature","geometry":{"type":"Polygon","coordinates":[[[74.042,29.01],[74.041,29.004],[74.073,28.964],[74.112,28.94],[74.12,28.847],[74.068,28.792],[74.136,28.796],[74.161,28.777],[74.196,28.809],[74.278,28.8],[74.419,28.885],[74.439,28.832],[74.49,28.82],[74.579,28.829],[74.601,28.813],[74.637,28.837],[74.694,28.838],[74.742,28.855],[74.771,28.825],[74.801,28.854],[74.773,28.899],[74.811,28.932],[74.862,28.945],[74.899,28.935],[74.919,28.898],[74.999,28.915],[75.037,28.937],[75.046,28.893],[75.028,28.85],[75.101,28.873],[75.22,28.857],[75.249,28.884],[75.242,28.928],[75.291,28.923],[75.32,28.986],[75.359,28.964],[75.334,28.917],[75.373,28.914],[75.404,28.967],[75.45,28.962],[75.478,28.935],[75.506,28.938],[75.525,28.979],[75.52,29.008],[75.444,29.014],[75.439,29.062],[75.39,29.067],[75.39,29.108],[75.37,29.14],[75.41,29.186],[75.389,29.261],[75.324,29.233],[75.329,29.291],[75.286,29.271],[75.244,29.249],[75.157,29.243],[75.087,29.23],[75.033,29.289],[75,29.27],[74.962,29.28],[74.936,29.363],[74.859,29.401],[74.818,29.397],[74.785,29.359],[74.659,29.371],[74.65,29.33],[74.609,29.353],[74.579,29.405],[74.54,29.424],[74.543,29.464],[74.588,29.458],[74.62,29.531],[74.581,29.555],[74.588,29.654],[74.615,29.752],[74.481,29.744],[74.475,29.787],[74.501,29.826],[74.563,29.865],[74.529,29.943],[74.452,29.947],[74.331,29.954],[74.301,29.956],[74.302,29.953],[74.304,29.947],[74.306,29.944],[74.305,29.942],[74.283,29.939],[74.263,29.908],[74.285,29.882],[74.275,29.849],[74.217,29.851],[74.213,29.819],[74.176,29.802],[74.169,29.77],[74.1,29.739],[74.08,29.705],[74,29.716],[74.011,29.678],[73.927,29.652],[73.909,29.624],[73.803,29.601],[73.808,29.538],[73.886,29.495],[73.92,29.437],[73.843,29.397],[73.862,29.35],[73.924,29.378],[73.987,29.342],[74.026,29.282],[74.097,29.259],[74.168,29.269],[74.214,29.293],[74.238,29.271],[74.216,29.234],[74.203,29.15],[74.102,29.045],[74.071,29.023],[74.065,29.021],[74.062,29.019],[74.044,29.011],[74.042,29.01]]]},"properties":{"code":"D100","name":"Hanumangarh","state":"RJ"}},
{"type":"Feature","geometry":{"type":"Polygon","coordinates":[[[80.312,27.679],[80.251,27.756],[80.202,27.775],[80.145,27.754],[80.09,27.783],[80.063,27.77],[80.059,27.741],[79.961,27.728],[79.918,27.703],[79.882,27.7],[79.866,27.652],[79.814,27.657],[79.767,27.713],[79.738,27.719],[79.729,27.672],[79.696,27.653],[79.728,27.537],[79.716,27.473],[79.747,27.452],[79.69,27.368],[79.722,27.327],[79.733,27.28],[79.7,27.229],[79.726,27.216],[79.805,27.168],[79.86,27.173],[79.906,27.147],[79.923,27.098],[79.976,27.065],[79.975,27.035],[80.021,26.953],[80.052,26.919],[80.1,26.98],[80.162,26.985],[80.174,26.959],[80.23,26.97],[80.252,27.027],[80.305,27.025],[80.339,26.948],[80.384,26.93],[80.428,26.941],[80.446,26.967],[80.56,27.011],[80.621,27.045],[80.647,27.079],[80.686,27.063],[80.742,27.102],[80.827,27.101],[80.816,27.166],[80.728,27.235],[80.699,27.219],[80.657,27.227],[80.641,27.265],[80.518,27.267],[80.448,27.403],[80.419,27.419],[80.392,27.473],[80.354,27.484],[80.306,27.581],[80.312,27.679]]]},"properties":{"code":"D155","name":"Hardoi","state":"UP"}},
{"type":"Feature","geometry":{"type":"Polygon","coordinates":[[[76.632,13.006],[76.608,13.009],[76.617,13.063],[76.469,13.095],[76.476,13.141],[76.427,13.184],[76.372,13.199],[76.38,13.231],[76.356,13.25],[76.346,13.36],[76.382,13.364],[76.418,13.447],[76.398,13.491],[76.402,13.524],[76.364,13.546],[76.34,13.513],[76.317,13.534],[76.291,13.504],[76.237,13.507],[76.231,13.467],[76.162,13.47],[76.141,13.407],[76.056,13.379],[76.033,13.346],[76.044,13.272],[76.015,13.259],[75.936,13.255],[75.896,13.264],[75.836,13.25],[75.809,13.218],[75.754,13.213],[75.73,13.181],[75.73,13.091],[75.74,13.031],[75.646,13.032],[75.604,12.969],[75.598,12.944],[75.557,12.915],[75.565,12.874],[75.623,12.857],[75.614,12.798],[75.66,12.75],[75.638,12.696],[75.673,12.7],[75.707,12.708],[75.762,12.675],[75.812,12.7],[75.839,12.669],[75.887,12.677],[75.887,12.705],[75.857,12.723],[75.874,12.78],[75.865,12.82],[75.928,12.819],[75.971,12.796],[75.939,12.761],[75.944,12.716],[75.967,12.7],[75.94,12.644],[75.943,12.602],[75.967,12.559],[75.998,12.583],[76.021,12.566],[76.048,12.573],[76.101,12.529],[76.132,12.526],[76.169,12.579],[76.193,12.574],[76.21,12.629],[76.229,12.643],[76.27,12.619],[76.312,12.621],[76.345,12.656],[76.365,12.71],[76.358,12.752],[76.333,12.798],[76.412,12.846],[76.47,12.795],[76.523,12.841],[76.577,12.848],[76.605,12.937],[76.632,12.972],[76.632,13.006]]]},"properties":{"code":"D574","name":"Hassan","state":"KA"}},
{"type":"Feature","geometry":{"type":"Polygon","coordinates":[[[78.479,27.808],[78.466,27.827],[78.26,27.677],[78.204,27.73],[78.219,27.755],[78.162,27.774],[78.077,27.771],[78.062,27.787],[78.015,27.752],[78.006,27.696],[78.018,27.677],[77.994,27.621],[77.898,27.584],[77.908,27.564],[77.879,27.527],[77.942,27.484],[77.903,27.441],[77.919,27.374],[77.904,27.323],[77.951,27.283],[77.99,27.284],[78.043,27.346],[78.072,27.335],[78.082,27.392],[78.137,27.365],[78.198,27.403],[78.18,27.433],[78.22,27.513],[78.273,27.526],[78.334,27.583],[78.387,27.566],[78.471,27.619],[78.506,27.624],[78.508,27.705],[78.519,27.734],[78.515,27.74],[78.495,27.745],[78.487,27.749],[78.479,27.808]]]},"properties":{"code":"D144","name":"Mahamaya Nagar","state":"UP"}},
{"type":"Feature","geometry":{"type":"Polygon","coordinates":[[[75.42,15.062],[75.369,15.047],[75.343,15.065],[75.338,15.159],[75.254,15.106],[75.142,15.1],[75.156,15.145],[75.108,15.138],[75.08,15.11],[75.081,15.073],[75.07,15.016],[75.104,14.926],[75.071,14.918],[75.071,14.78],[75.032,14.707],[75.051,14.649],[75.101,14.648],[75.145,14.619],[75.167,14.633],[75.208,14.615],[75.21,14.574],[75.265,14.579],[75.347,14.483],[75.344,14.434],[75.378,14.41],[75.371,14.37],[75.428,14.349],[75.503,14.307],[75.536,14.277],[75.58,14.276],[75.623,14.337],[75.642,14.43],[75.688,14.49],[75.722,14.477],[75.755,14.514],[75.796,14.509],[75.819,14.562],[75.805,14.599],[75.812,14.651],[75.794,14.682],[75.74,14.685],[75.757,14.738],[75.666,14.808],[75.697,14.892],[75.685,14.93],[75.702,14.948],[75.671,14.986],[75.634,14.985],[75.6,14.955],[75.544,14.978],[75.539,15.027],[75.499,15.047],[75.463,15.043],[75.42,15.062]]]},"properties":{"code":"D564","name":"Haveri","state":"KA"}},
{"type":"Feature","geometry":{"type":"Polygon","coordinates":[[[77.286,19.91],[77.244,19.891],[77.239,19.938],[77.209,19.947],[77.204,19.991],[77.102,19.933],[77.061,19.996],[77.036,20.01],[76.973,19.994],[76.901,19.963],[76.837,19.961],[76.823,19.927],[76.773,19.933],[76.746,19.907],[76.739,19.872],[76.691,19.872],[76.679,19.846],[76.706,19.836],[76.688,19.781],[76.714,19.771],[76.734,19.716],[76.76,19.684],[76.785,19.701],[76.851,19.704],[76.857,19.645],[76.903,19.644],[76.943,19.622],[76.969,19.545],[76.92,19.413],[76.896,19.378],[76.893,19.311],[76.932,19.297],[76.921,19.256],[77.013,19.252],[77.051,19.23],[77.038,19.201],[77.088,19.172],[77.104,19.104],[77.141,19.07],[77.166,19.116],[77.192,19.13],[77.178,19.211],[77.222,19.27],[77.244,19.321],[77.28,19.315],[77.314,19.354],[77.364,19.339],[77.452,19.389],[77.437,19.407],[77.494,19.466],[77.47,19.499],[77.46,19.682],[77.436,19.729],[77.379,19.743],[77.39,19.821],[77.365,19.858],[77.286,19.91]]]},"properties":{"code":"D512","name":"Hingoli","state":"MH"}},
{"type":"Feature","geometry":{"type":"Polygon","coordinates":[[[86.255,20.367],[86.202,20.363],[86.169,20.376],[86.137,20.357],[86.087,20.367],[86.028,20.401],[86.015,20.381],[86.035,20.312],[86.079,20.246],[86.156,20.211],[86.157,20.094],[86.189,20.053],[86.226,20.038],[86.282,20.055],[86.368,19.975],[86.4,19.999],[86.429,20.053],[86.48,20.092],[86.527,20.168],[86.608,20.227],[86.784,20.326],[86.778,20.344],[86.712,20.301],[86.659,20.334],[86.598,20.345],[86.562,20.327],[86.436,20.339],[86.344,20.37],[86.303,20.356],[86.255,20.367]]]},"properties":{"code":"D380","name":"Jagatsinghapur","state":"OD"}},
{"type":"Feature","geometry":{"type":"Polygon","coordinates":[[[76.231,27.836],[76.181,27.803],[76.088,27.847],[76.097,27.83],[76.035,27.732],[75.991,27.703],[75.979,27.656],[75.942,27.622],[75.96,27.592],[75.939,27.497],[75.954,27.476],[75.896,27.457],[75.871,27.416],[75.794,27.381],[75.74,27.404],[75.725,27.369],[75.665,27.366],[75.614,27.315],[75.573,27.342],[75.531,27.344],[75.477,27.289],[75.432,27.301],[75.395,27.283],[75.392,27.23],[75.329,27.214],[75.316,27.159],[75.341,27.14],[75.34,27.093],[75.221,27.083],[75.223,27.055],[75.259,27.034],[75.204,27.007],[75.204,26.974],[75.166,26.962],[75.166,26.933],[75.014,26.945],[75.014,26.895],[74.977,26.89],[74.957,26.847],[74.917,26.837],[74.941,26.75],[74.965,26.722],[74.966,26.683],[75,26.686],[75.068,26.651],[75.082,26.61],[75.062,26.556],[75.104,26.556],[75.116,26.523],[75.153,26.5],[75.17,26.462],[75.206,26.516],[75.237,26.521],[75.287,26.564],[75.331,26.558],[75.352,26.501],[75.39,26.482],[75.453,26.493],[75.574,26.446],[75.644,26.442],[75.653,26.464],[75.712,26.445],[75.771,26.467],[75.761,26.512],[75.784,26.526],[75.974,26.502],[76.009,26.492],[76.072,26.507],[76.113,26.535],[76.161,26.515],[76.153,26.567],[76.183,26.65],[76.171,26.679],[76.174,26.755],[76.192,26.801],[76.249,26.842],[76.254,26.888],[76.234,26.91],[76.251,26.958],[76.255,27.009],[76.288,27.087],[76.293,27.129],[76.281,27.18],[76.195,27.121],[76.185,27.185],[76.125,27.238],[76.16,27.313],[76.182,27.33],[76.234,27.418],[76.247,27.488],[76.217,27.553],[76.203,27.622],[76.247,27.627],[76.26,27.7],[76.246,27.761],[76.278,27.803],[76.268,27.835],[76.231,27.836]]]},"properties":{"code":"D110","name":"Jaipur","state":"RJ"}},
{"type":"Feature","geometry":{"type":"Polygon","coordinates":[[[71.898,27.963],[71.659,27.876],[71.41,27.873],[71.273,27.85],[71.208,27.833],[71.033,27.766],[70.905,27.71],[70.768,27.725],[70.738,27.752],[70.687,27.828],[70.677,27.924],[70.592,28.01],[70.497,28.037],[70.374,28.012],[70.31,27.949],[70.225,27.898],[70.135,27.807],[70.075,27.664],[70.025,27.561],[69.941,27.502],[69.872,27.409],[69.705,27.285],[69.59,27.183],[69.515,27.014],[69.499,26.872],[69.484,26.808],[69.515,26.742],[69.711,26.662],[69.801,26.599],[69.879,26.581],[70.048,26.601],[70.099,26.595],[70.173,26.551],[70.183,26.484],[70.184,26.361],[70.166,26.301],[70.172,26.231],[70.136,26.153],[70.192,26.153],[70.224,26.123],[70.254,26.161],[70.367,26.148],[70.41,26.201],[70.431,26.181],[70.503,26.177],[70.567,26.203],[70.648,26.199],[70.716,26.212],[70.713,26.168],[70.752,26.149],[70.877,26.128],[70.944,26.079],[71.051,26.142],[70.994,26.221],[70.954,26.249],[71.02,26.283],[71.048,26.284],[71.077,26.325],[71.142,26.312],[71.19,26.389],[71.189,26.414],[71.222,26.447],[71.289,26.467],[71.325,26.426],[71.417,26.486],[71.464,26.498],[71.491,26.457],[71.52,26.488],[71.578,26.508],[71.614,26.482],[71.628,26.42],[71.676,26.385],[71.738,26.376],[71.757,26.347],[71.811,26.332],[71.842,26.374],[71.885,26.341],[71.895,26.3],[71.983,26.322],[72.024,26.346],[72.073,26.349],[72.082,26.443],[72.027,26.499],[72.099,26.6],[72.04,26.675],[72.087,26.73],[72.062,26.76],[72.054,26.803],[72.099,26.83],[72.104,26.887],[72.04,26.936],[72.044,27.021],[72.079,27.077],[72.077,27.117],[71.968,27.14],[71.955,27.182],[71.916,27.211],[71.789,27.256],[71.794,27.288],[71.829,27.329],[71.827,27.4],[71.815,27.442],[71.838,27.479],[71.882,27.485],[71.931,27.559],[71.967,27.55],[72.05,27.614],[72.145,27.532],[72.158,27.476],[72.175,27.462],[72.245,27.498],[72.252,27.533],[72.284,27.549],[72.282,27.568],[72.323,27.634],[72.343,27.692],[72.3,27.708],[72.252,27.673],[72.22,27.674],[72.094,27.736],[72.156,27.78],[72.146,27.873],[72.099,27.897],[72.032,27.949],[71.993,27.943],[71.947,27.913],[71.898,27.963]]]},"properties":{"code":"D114","name":"Jaisalmer","state":"RJ"}},
{"type":"Feature","geometry":{"type":"Polygon","coordinates":[[[86.29,21.018],[86.262,21.039],[86.142,21.074],[86.096,21.051],[86.09,21.018],[86.048,21.024],[86.029,21.073],[86.074,21.128],[86.033,21.141],[85.937,21.136],[85.919,21.094],[85.876,21.086],[85.784,21.101],[85.766,21.143],[85.729,21.143],[85.688,21.131],[85.701,21.08],[85.728,21.067],[85.758,20.991],[85.825,20.94],[85.92,20.927],[85.9,20.856],[86.021,20.809],[86.026,20.726],[85.986,20.735],[85.909,20.712],[85.912,20.698],[85.958,20.684],[86.011,20.624],[86.048,20.599],[86.12,20.617],[86.184,20.658],[86.189,20.624],[86.255,20.607],[86.284,20.584],[86.375,20.595],[86.459,20.67],[86.544,20.693],[86.545,20.754],[86.625,20.797],[86.597,20.857],[86.517,20.871],[86.458,20.845],[86.394,20.865],[86.359,20.853],[86.313,20.896],[86.282,20.906],[86.29,21.018]]]},"properties":{"code":"D382","name":"Jajapur","state":"OD"}},
{"type":"Feature","geometry":{"type":"Polygon","coordinates":[[[79.504,26.364],[79.486,26.42],[79.436,26.431],[79.342,26.401],[79.293,26.442],[79.233,26.428],[79.135,26.439],[79.126,26.412],[79.089,26.4],[79.125,26.348],[79.106,26.309],[79.066,26.278],[79.049,26.224],[79.011,26.191],[79.009,26.149],[78.953,26.132],[79.011,26.076],[78.952,26.031],[78.935,25.95],[78.965,25.936],[79.042,25.927],[79.041,25.868],[79.127,25.846],[79.134,25.814],[79.214,25.79],[79.238,25.808],[79.292,25.792],[79.32,25.77],[79.398,25.796],[79.45,25.787],[79.46,25.824],[79.508,25.856],[79.542,25.82],[79.574,25.85],[79.575,25.885],[79.617,25.903],[79.752,25.907],[79.768,25.873],[79.806,25.864],[79.87,25.882],[79.867,25.936],[79.954,26.007],[79.946,26.057],[79.922,26.091],[79.868,26.114],[79.839,26.101],[79.787,26.108],[79.746,26.144],[79.73,26.184],[79.65,26.211],[79.652,26.242],[79.584,26.256],[79.549,26.275],[79.526,26.343],[79.504,26.364]]]},"properties":{"code":"D165","name":"Jalaun","state":"UP"}},
{"type":"Feature","geometry":{"type":"Polygon","coordinates":[[[75.619,21.391],[75.547,21.37],[75.467,21.392],[75.383,21.383],[75.302,21.393],[75.206,21.414],[75.161,21.403],[75.126,21.339],[75.14,21.294],[75.104,21.236],[75.042,21.211],[75.033,21.192],[74.963,21.192],[74.893,21.151],[74.887,21.113],[74.858,21.063],[74.891,21.052],[74.921,21.011],[74.914,20.927],[74.935,20.926],[74.97,20.877],[74.986,20.822],[74.962,20.805],[74.988,20.773],[74.991,20.736],[74.953,20.712],[74.929,20.657],[74.856,20.635],[74.815,20.634],[74.796,20.539],[74.762,20.539],[74.774,20.471],[74.838,20.417],[74.867,20.316],[74.87,20.277],[74.935,20.27],[75,20.337],[75.048,20.308],[75.126,20.357],[75.108,20.407],[75.161,20.437],[75.163,20.475],[75.24,20.522],[75.255,20.57],[75.286,20.568],[75.329,20.592],[75.391,20.58],[75.397,20.524],[75.451,20.54],[75.49,20.531],[75.526,20.561],[75.523,20.59],[75.559,20.613],[75.59,20.603],[75.662,20.629],[75.667,20.67],[75.706,20.662],[75.706,20.615],[75.759,20.614],[75.821,20.562],[75.843,20.618],[75.869,20.624],[75.89,20.563],[75.934,20.555],[75.935,20.594],[75.957,20.625],[76.011,20.643],[75.998,20.667],[76.012,20.739],[75.998,20.778],[76.05,20.788],[76.05,20.812],[76.115,20.893],[76.081,20.908],[76.092,20.943],[76.159,21],[76.17,21.035],[76.226,21.012],[76.281,20.958],[76.347,20.95],[76.383,20.978],[76.398,21.03],[76.384,21.078],[76.283,21.073],[76.27,21.091],[76.184,21.088],[76.136,21.124],[76.114,21.163],[76.167,21.169],[76.16,21.257],[76.13,21.295],[76.099,21.372],[76.053,21.35],[75.992,21.374],[75.969,21.392],[75.888,21.397],[75.833,21.381],[75.706,21.389],[75.673,21.378],[75.619,21.391]]]},"properties":{"code":"D499","name":"Jalgaon","state":"MH"}},
{"type":"Feature","geometry":{"type":"Polygon","coordinates":[[[76.533,19.85],[76.492,19.898],[76.493,19.917],[76.368,19.926],[76.353,19.894],[76.298,19.87],[76.257,19.873],[76.175,19.849],[76.1,19.856],[76.043,19.95],[75.967,19.994],[76.025,20.023],[76.02,20.059],[76.057,20.064],[76.057,20.097],[76.097,20.097],[76.141,20.211],[76.166,20.237],[76.195,20.3],[76.161,20.298],[76.129,20.341],[76.083,20.365],[76.05,20.336],[76.031,20.288],[75.975,20.316],[75.927,20.323],[75.954,20.39],[75.942,20.426],[75.958,20.466],[75.944,20.504],[76.04,20.555],[76.033,20.638],[76.011,20.643],[75.957,20.625],[75.935,20.594],[75.934,20.555],[75.89,20.563],[75.831,20.473],[75.765,20.451],[75.752,20.373],[75.756,20.328],[75.719,20.332],[75.676,20.24],[75.684,20.204],[75.649,20.191],[75.627,20.105],[75.589,20.102],[75.593,20.028],[75.63,20.001],[75.654,19.91],[75.653,19.815],[75.628,19.776],[75.636,19.734],[75.634,19.655],[75.591,19.638],[75.601,19.602],[75.652,19.595],[75.656,19.554],[75.61,19.381],[75.642,19.381],[75.688,19.355],[75.754,19.359],[75.758,19.389],[75.797,19.397],[75.836,19.372],[75.922,19.374],[75.907,19.319],[75.938,19.292],[75.971,19.299],[76.013,19.336],[76.039,19.286],[76.084,19.28],[76.098,19.307],[76.164,19.283],[76.209,19.278],[76.213,19.318],[76.265,19.334],[76.285,19.366],[76.291,19.432],[76.315,19.464],[76.366,19.468],[76.396,19.531],[76.443,19.541],[76.454,19.667],[76.488,19.677],[76.494,19.76],[76.533,19.85]]]},"properties":{"code":"D514","name":"Jalna","state":"MH"}},
{"type":"Feature","geometry":{"type":"Polygon","coordinates":[[[72.778,25.802],[72.757,25.809],[72.724,25.755],[72.755,25.741],[72.722,25.689],[72.686,25.67],[72.72,25.609],[72.586,25.602],[72.549,25.561],[72.562,25.531],[72.512,25.506],[72.463,25.454],[72.411,25.436],[72.356,25.454],[72.333,25.434],[72.317,25.387],[72.271,25.411],[72.216,25.406],[72.16,25.434],[72.104,25.424],[72.089,25.465],[72.033,25.476],[72,25.445],[71.921,25.345],[71.95,25.321],[71.935,25.284],[71.889,25.262],[71.881,25.225],[71.85,25.207],[71.838,25.148],[71.793,25.084],[71.737,25.069],[71.727,25.032],[71.679,24.987],[71.628,25.034],[71.584,25.023],[71.556,24.985],[71.517,25.008],[71.474,24.999],[71.341,24.934],[71.33,24.851],[71.304,24.822],[71.254,24.795],[71.263,24.748],[71.21,24.699],[71.188,24.648],[71.289,24.613],[71.348,24.659],[71.372,24.626],[71.48,24.678],[71.529,24.683],[71.609,24.675],[71.654,24.637],[71.777,24.672],[71.806,24.664],[71.805,24.625],[71.862,24.627],[71.864,24.675],[71.919,24.665],[71.928,24.63],[71.987,24.66],[71.988,24.68],[72.046,24.708],[72.079,24.7],[72.079,24.655],[72.145,24.636],[72.18,24.612],[72.224,24.635],[72.268,24.624],[72.294,24.618],[72.335,24.625],[72.312,24.649],[72.326,24.702],[72.373,24.761],[72.482,24.75],[72.5,24.818],[72.484,24.87],[72.506,24.923],[72.581,24.941],[72.658,25.041],[72.689,25.048],[72.709,25.107],[72.738,25.128],[72.779,25.216],[72.828,25.287],[72.891,25.246],[72.94,25.244],[72.993,25.257],[72.998,25.289],[72.972,25.371],[73.007,25.369],[73.05,25.4],[73.097,25.468],[73.058,25.508],[73.056,25.56],[72.935,25.639],[72.916,25.683],[72.889,25.695],[72.889,25.735],[72.812,25.774],[72.778,25.802]]]},"properties":{"code":"D116","name":"Jalor","state":"RJ"}},
{"type":"Feature","geometry":{"type":"Polygon","coordinates":[[[82.682,26.151],[82.627,26.171],[82.601,26.196],[82.567,26.141],[82.478,26.13],[82.437,26.103],[82.467,26.074],[82.467,26.044],[82.505,26.04],[82.485,26.001],[82.432,26.009],[82.426,25.981],[82.369,25.979],[82.35,25.962],[82.376,25.913],[82.296,25.892],[82.289,25.859],[82.256,25.832],[82.218,25.838],[82.177,25.82],[82.197,25.739],[82.156,25.679],[82.143,25.667],[82.141,25.652],[82.121,25.643],[82.183,25.581],[82.229,25.588],[82.235,25.586],[82.251,25.579],[82.266,25.564],[82.286,25.552],[82.288,25.548],[82.29,25.544],[82.306,25.55],[82.326,25.543],[82.33,25.536],[82.336,25.536],[82.342,25.534],[82.349,25.528],[82.353,25.514],[82.381,25.518],[82.506,25.472],[82.545,25.437],[82.607,25.45],[82.617,25.417],[82.694,25.394],[82.689,25.43],[82.743,25.546],[82.78,25.529],[82.838,25.566],[82.929,25.57],[82.965,25.527],[82.983,25.554],[83.029,25.571],[83.072,25.551],[83.083,25.57],[83.067,25.651],[83.075,25.683],[83.004,25.708],[82.986,25.679],[82.946,25.704],[82.899,25.773],[82.825,25.771],[82.787,25.825],[82.758,25.837],[82.776,25.881],[82.761,25.931],[82.728,25.989],[82.722,26.042],[82.681,26.107],[82.682,26.151]]]},"properties":{"code":"D194","name":"Jaunpur","state":"UP"}},
{"type":"Feature","geometry":{"type":"Polygon","coordinates":[[[76.443,24.783],[76.445,24.831],[76.4,24.838],[76.365,24.871],[76.314,24.84],[76.227,24.832],[76.226,24.796],[76.204,24.76],[76.201,24.683],[76.183,24.664],[76.115,24.693],[76.069,24.676],[76.065,24.623],[76.082,24.577],[76.032,24.559],[75.962,24.561],[75.923,24.54],[75.908,24.501],[75.906,24.442],[75.832,24.418],[75.789,24.454],[75.738,24.399],[75.74,24.344],[75.767,24.307],[75.815,24.297],[75.808,24.226],[75.776,24.217],[75.746,24.136],[75.792,24.106],[75.833,24.104],[75.832,24.068],[75.782,24.058],[75.764,23.994],[75.702,23.965],[75.671,24.03],[75.636,23.996],[75.573,24.014],[75.516,24.045],[75.466,23.977],[75.458,23.917],[75.564,23.854],[75.567,23.812],[75.678,23.778],[75.686,23.757],[75.692,23.816],[75.724,23.823],[75.73,23.898],[75.782,23.851],[75.855,23.89],[75.881,23.881],[75.978,23.929],[75.983,23.97],[75.963,24.021],[76.029,24.046],[76.046,24.07],[76.137,24.091],[76.126,24.201],[76.157,24.24],[76.145,24.277],[76.198,24.281],[76.219,24.213],[76.28,24.212],[76.321,24.247],[76.356,24.245],[76.415,24.205],[76.467,24.225],[76.512,24.196],[76.527,24.159],[76.583,24.176],[76.575,24.209],[76.62,24.258],[76.683,24.266],[76.706,24.244],[76.678,24.189],[76.725,24.157],[76.773,24.16],[76.795,24.121],[76.882,24.131],[76.904,24.127],[76.92,24.184],[76.948,24.194],[76.878,24.267],[76.841,24.356],[76.853,24.364],[76.845,24.438],[76.801,24.433],[76.757,24.448],[76.706,24.408],[76.676,24.439],[76.636,24.414],[76.58,24.464],[76.579,24.492],[76.537,24.514],[76.538,24.569],[76.522,24.59],[76.531,24.662],[76.477,24.669],[76.443,24.783]]]},"properties":{"code":"D129","name":"Jhalawar","state":"RJ"}},
{"type":"Feature","geometry":{"type":"Polygon","coordinates":[[[79.398,25.796],[79.32,25.77],[79.292,25.792],[79.238,25.808],[79.214,25.79],[79.134,25.814],[79.127,25.846],[79.041,25.868],[79.042,25.927],[78.965,25.936],[78.935,25.95],[78.884,25.91],[78.866,25.867],[78.871,25.797],[78.824,25.826],[78.768,25.715],[78.799,25.705],[78.819,25.669],[78.802,25.612],[78.684,25.589],[78.656,25.56],[78.629,25.577],[78.589,25.559],[78.488,25.575],[78.467,25.559],[78.444,25.559],[78.416,25.528],[78.429,25.474],[78.342,25.426],[78.339,25.399],[78.301,25.362],[78.338,25.332],[78.362,25.245],[78.392,25.19],[78.424,25.168],[78.451,25.168],[78.453,25.162],[78.45,25.153],[78.449,25.152],[78.45,25.124],[78.534,25.183],[78.57,25.221],[78.576,25.254],[78.528,25.283],[78.541,25.326],[78.583,25.347],[78.611,25.412],[78.697,25.44],[78.708,25.421],[78.665,25.383],[78.717,25.371],[78.743,25.344],[78.772,25.353],[78.773,25.425],[78.732,25.458],[78.797,25.478],[78.861,25.447],[78.841,25.511],[78.884,25.519],[78.893,25.556],[78.933,25.555],[78.949,25.526],[78.937,25.423],[78.968,25.434],[78.982,25.368],[78.882,25.383],[78.801,25.288],[78.842,25.228],[78.87,25.278],[78.864,25.312],[78.893,25.342],[78.939,25.327],[78.978,25.286],[78.916,25.269],[78.875,25.185],[78.96,25.216],[78.994,25.27],[79.02,25.269],[79.034,25.23],[79.032,25.182],[79.098,25.171],[79.141,25.106],[79.205,25.123],[79.284,25.115],[79.321,25.146],[79.286,25.206],[79.349,25.226],[79.294,25.276],[79.284,25.322],[79.277,25.337],[79.325,25.399],[79.333,25.428],[79.37,25.465],[79.389,25.522],[79.41,25.545],[79.375,25.603],[79.387,25.683],[79.374,25.716],[79.375,25.777],[79.398,25.796]]]},"properties":{"code":"D166","name":"Jhansi","state":"UP"}},
{"type":"Feature","geometry":{"type":"Polygon","coordinates":[[[83.8,21.566],[83.815,21.591],[83.886,21.575],[83.964,21.571],[83.981,21.595],[83.969,21.691],[83.949,21.72],[83.969,21.755],[84.039,21.759],[84.115,21.789],[84.19,21.754],[84.247,21.769],[84.287,21.762],[84.297,21.796],[84.393,21.992],[84.389,22.024],[84.358,22.037],[84.296,22.032],[84.27,22.014],[84.247,21.983],[84.207,21.978],[84.172,21.999],[84.116,22.009],[84.094,21.999],[84.079,21.937],[84.029,21.953],[83.981,21.906],[83.961,21.941],[83.897,21.946],[83.881,21.924],[83.817,21.883],[83.761,21.836],[83.722,21.786],[83.643,21.817],[83.63,21.848],[83.581,21.832],[83.538,21.835],[83.498,21.811],[83.483,21.777],[83.491,21.744],[83.463,21.697],[83.427,21.678],[83.49,21.643],[83.527,21.673],[83.56,21.743],[83.656,21.72],[83.705,21.689],[83.727,21.631],[83.8,21.566]]]},"properties":{"code":"D371","name":"Jharsuguda","state":"OD"}},
{"type":"Feature","geometry":{"type":"Polygon","coordinates":[[[76.027,28.277],[75.995,28.292],[75.965,28.334],[75.898,28.39],[75.811,28.41],[75.787,28.454],[75.672,28.517],[75.616,28.505],[75.605,28.446],[75.574,28.408],[75.572,28.378],[75.519,28.37],[75.502,28.337],[75.383,28.338],[75.335,28.367],[75.33,28.396],[75.279,28.45],[75.235,28.455],[75.218,28.39],[75.152,28.379],[75.165,28.338],[75.149,28.292],[75.05,28.253],[75.03,28.198],[75.081,28.19],[75.09,28.159],[75.129,28.135],[75.103,28.064],[75.149,28.026],[75.195,27.911],[75.23,27.878],[75.242,27.81],[75.288,27.816],[75.289,27.716],[75.35,27.7],[75.418,27.644],[75.536,27.709],[75.62,27.703],[75.689,27.674],[75.712,27.756],[75.77,27.833],[75.931,27.929],[75.971,27.933],[75.963,27.984],[75.982,28.033],[75.985,28.08],[75.944,28.089],[76.036,28.168],[76.083,28.168],[76.061,28.22],[76.016,28.249],[76.027,28.277]]]},"properties":{"code":"D103","name":"Jhunjhunun","state":"RJ"}},
{"type":"Feature","geometry":{"type":"Polygon","coordinates":[[[72.284,27.549],[72.252,27.533],[72.245,27.498],[72.175,27.462],[72.158,27.476],[72.145,27.532],[72.05,27.614],[71.967,27.55],[71.931,27.559],[71.882,27.485],[71.838,27.479],[71.815,27.442],[71.827,27.4],[71.829,27.329],[71.794,27.288],[71.789,27.256],[71.916,27.211],[71.955,27.182],[71.968,27.14],[72.077,27.117],[72.079,27.077],[72.044,27.021],[72.04,26.936],[72.104,26.887],[72.099,26.83],[72.054,26.803],[72.062,26.76],[72.087,26.73],[72.04,26.675],[72.099,26.6],[72.027,26.499],[72.082,26.443],[72.073,26.349],[72.098,26.319],[72.153,26.308],[72.159,26.281],[72.255,26.21],[72.308,26.217],[72.34,26.244],[72.374,26.225],[72.409,26.239],[72.427,26.286],[72.492,26.299],[72.552,26.264],[72.596,26.28],[72.634,26.228],[72.688,26.186],[72.694,26.106],[72.679,26.072],[72.685,26.029],[72.618,26.007],[72.619,25.978],[72.701,25.934],[72.806,25.853],[72.834,25.863],[72.842,25.891],[72.958,25.902],[72.974,25.935],[73.05,25.968],[73.059,26.012],[73.178,26.054],[73.207,26.077],[73.275,26.043],[73.316,26.034],[73.359,26.075],[73.341,26.117],[73.377,26.156],[73.431,26.13],[73.466,26.085],[73.529,26.064],[73.523,26.103],[73.577,26.116],[73.629,26.147],[73.653,26.126],[73.65,26.078],[73.696,26.064],[73.724,26.109],[73.806,26.1],[73.81,26.127],[73.786,26.164],[73.805,26.207],[73.79,26.236],[73.814,26.287],[73.814,26.349],[73.873,26.43],[73.857,26.467],[73.794,26.504],[73.755,26.541],[73.721,26.552],[73.65,26.71],[73.672,26.752],[73.655,26.808],[73.631,26.839],[73.588,26.863],[73.53,26.858],[73.492,26.887],[73.438,26.886],[73.327,26.857],[73.213,26.869],[73.191,26.882],[73.177,26.929],[73.123,26.944],[73.115,26.966],[73.153,26.992],[73.158,27.025],[73.192,27.056],[73.152,27.121],[73.167,27.145],[73.156,27.199],[73.132,27.235],[73.163,27.295],[73.145,27.39],[73.121,27.408],[73.042,27.41],[72.988,27.384],[72.902,27.415],[72.883,27.477],[72.831,27.466],[72.826,27.521],[72.848,27.534],[72.836,27.58],[72.728,27.554],[72.696,27.604],[72.671,27.543],[72.624,27.571],[72.604,27.607],[72.56,27.618],[72.502,27.584],[72.449,27.586],[72.437,27.562],[72.327,27.514],[72.278,27.466],[72.252,27.507],[72.284,27.549]]]},"properties":{"code":"D113","name":"Jodhpur","state":"RJ"}},
{"type":"Feature","geometry":{"type":"Polygon","coordinates":[[[94.596,26.725],[94.516,26.775],[94.524,26.807],[94.49,26.834],[94.498,26.869],[94.482,26.934],[94.408,26.943],[94.403,26.96],[94.471,27.001],[94.511,27.041],[94.596,27.145],[94.571,27.178],[94.526,27.159],[94.51,27.12],[94.44,27.119],[94.419,27.091],[94.369,27.098],[94.309,27.072],[94.283,27.095],[94.24,27.073],[94.226,27.032],[94.188,27.028],[94.182,26.997],[94.135,26.969],[94.079,26.96],[94.054,26.979],[93.977,26.923],[93.937,26.929],[93.894,26.891],[93.881,26.855],[93.843,26.852],[93.827,26.825],[93.823,26.824],[93.825,26.819],[93.827,26.816],[93.831,26.813],[93.868,26.814],[93.92,26.784],[93.981,26.789],[94.004,26.746],[94.049,26.728],[94.052,26.673],[94.097,26.645],[94.074,26.597],[94.118,26.554],[94.1,26.492],[94.131,26.445],[94.119,26.4],[94.138,26.35],[94.168,26.349],[94.187,26.456],[94.283,26.559],[94.294,26.476],[94.317,26.458],[94.324,26.475],[94.397,26.525],[94.415,26.578],[94.41,26.612],[94.455,26.634],[94.546,26.706],[94.596,26.725]]]},"properties":{"code":"D312","name":"Jorhat","state":"AS"}},
{"type":"Feature","geometry":{"type":"Polygon","coordinates":[[[78.525,29.07],[78.467,29.064],[78.415,29.039],[78.289,29.04],[78.207,29.05],[78.143,29.079],[78.106,29.083],[78.085,29.068],[78.101,29.026],[78.094,28.977],[78.066,28.956],[78.064,28.893],[78.116,28.856],[78.119,28.788],[78.152,28.707],[78.174,28.692],[78.209,28.615],[78.216,28.6],[78.22,28.5],[78.272,28.49],[78.305,28.459],[78.291,28.403],[78.31,28.434],[78.347,28.435],[78.38,28.468],[78.415,28.463],[78.438,28.606],[78.416,28.659],[78.42,28.74],[78.44,28.796],[78.514,28.774],[78.583,28.796],[78.654,28.861],[78.63,28.923],[78.581,28.944],[78.528,28.945],[78.572,29.017],[78.525,29.07]]]},"properties":{"code":"D137","name":"Jyotiba Phule Nagar","state":"UP"}},
{"type":"Feature","geometry":{"type":"Polygon","coordinates":[[[83.653,20.389],[83.65,20.388],[83.649,20.386],[83.656,20.37],[83.63,20.369],[83.625,20.351],[83.575,20.368],[83.571,20.388],[83.491,20.416],[83.488,20.454],[83.424,20.403],[83.412,20.373],[83.344,20.317],[83.3,20.303],[83.243,20.26],[83.226,20.205],[83.184,20.173],[83.146,20.17],[83.091,20.199],[83.013,20.17],[82.932,20.179],[82.911,20.148],[82.825,20.166],[82.812,20.099],[82.79,20.102],[82.739,20.024],[82.705,19.998],[82.719,19.988],[82.708,19.912],[82.719,19.854],[82.706,19.832],[82.653,19.831],[82.627,19.792],[82.593,19.776],[82.603,19.746],[82.569,19.734],[82.572,19.673],[82.55,19.61],[82.569,19.543],[82.645,19.507],[82.634,19.482],[82.694,19.417],[82.715,19.358],[82.757,19.328],[82.787,19.342],[82.838,19.325],[82.826,19.256],[82.806,19.237],[82.839,19.235],[82.848,19.209],[82.857,19.204],[82.864,19.206],[82.872,19.2],[82.879,19.184],[82.882,19.188],[82.886,19.19],[82.902,19.229],[82.891,19.254],[82.919,19.305],[82.958,19.325],[82.937,19.408],[82.939,19.45],[82.992,19.447],[83,19.498],[83.027,19.512],[83.047,19.557],[83.074,19.562],[83.122,19.501],[83.135,19.509],[83.168,19.432],[83.245,19.506],[83.264,19.552],[83.267,19.599],[83.333,19.596],[83.373,19.62],[83.386,19.667],[83.415,19.684],[83.456,19.74],[83.454,19.788],[83.427,19.844],[83.409,19.923],[83.443,19.933],[83.449,19.969],[83.452,19.973],[83.475,19.964],[83.481,19.964],[83.485,19.961],[83.494,19.959],[83.496,19.96],[83.5,19.966],[83.504,19.974],[83.503,19.992],[83.544,20.022],[83.575,20.088],[83.584,20.093],[83.589,20.1],[83.585,20.109],[83.584,20.115],[83.589,20.114],[83.592,20.112],[83.602,20.104],[83.614,20.104],[83.618,20.099],[83.629,20.095],[83.633,20.091],[83.636,20.09],[83.64,20.092],[83.649,20.098],[83.664,20.109],[83.678,20.113],[83.696,20.101],[83.705,20.103],[83.711,20.102],[83.715,20.107],[83.719,20.116],[83.718,20.13],[83.72,20.133],[83.724,20.131],[83.728,20.128],[83.73,20.133],[83.731,20.138],[83.73,20.143],[83.734,20.149],[83.791,20.181],[83.771,20.208],[83.72,20.239],[83.706,20.37],[83.691,20.373],[83.687,20.375],[83.664,20.384],[83.658,20.385],[83.654,20.387],[83.653,20.389]]]},"properties":{"code":"D395","name":"Kalahandi","state":"OD"}},
{"type":"Feature","geometry":{"type":"Polygon","coordinates":[[[91.783,26.494],[91.748,26.499],[91.711,26.461],[91.663,26.47],[91.641,26.513],[91.598,26.536],[91.571,26.572],[91.57,26.573],[91.569,26.571],[91.569,26.566],[91.568,26.564],[91.562,26.554],[91.555,26.546],[91.558,26.54],[91.567,26.433],[91.528,26.378],[91.528,26.33],[91.459,26.318],[91.454,26.273],[91.42,26.265],[91.416,26.136],[91.359,26.164],[91.258,26.163],[91.237,26.182],[91.119,26.153],[91.094,26.164],[91.052,26.128],[91.005,26.129],[90.939,26.094],[91.03,26.04],[91.069,26.044],[91.101,26.009],[91.051,25.941],[91.032,25.887],[91.004,25.822],[91.052,25.848],[91.07,25.825],[91.124,25.831],[91.156,25.849],[91.205,25.84],[91.183,25.776],[91.191,25.738],[91.227,25.723],[91.278,25.746],[91.345,25.835],[91.471,25.858],[91.472,25.858],[91.467,25.942],[91.475,25.99],[91.453,26.032],[91.48,26.051],[91.527,26.034],[91.543,26.136],[91.565,26.142],[91.621,26.107],[91.691,26.167],[91.747,26.194],[91.762,26.2],[91.755,26.205],[91.787,26.244],[91.787,26.296],[91.822,26.325],[91.821,26.379],[91.783,26.411],[91.767,26.466],[91.781,26.491],[91.783,26.494]]]},"properties":{"code":"D321","name":"Kamrup","state":"AS"}},
{"type":"Feature","geometry":{"type":"Polygon","coordinates":[[[92.18,26.078],[92.165,26.148],[92.132,26.178],[92.034,26.208],[92,26.204],[91.956,26.254],[91.892,26.219],[91.762,26.2],[91.747,26.194],[91.691,26.167],[91.621,26.107],[91.565,26.142],[91.543,26.136],[91.527,26.034],[91.48,26.051],[91.453,26.032],[91.475,25.99],[91.467,25.942],[91.472,25.858],[91.478,25.856],[91.486,25.89],[91.554,25.974],[91.573,26.026],[91.635,26.021],[91.633,25.944],[91.672,25.904],[91.723,25.953],[91.734,26.058],[91.793,26.086],[91.822,26.118],[91.878,26.096],[91.886,26.029],[91.936,26.013],[91.993,26.04],[92.055,26.031],[92.135,26.044],[92.18,26.078]]]},"properties":{"code":"D322","name":"Kamrup Metropolitan","state":"AS"}},
{"type":"Feature","geometry":{"type":"Polygon","coordinates":[[[84.513,20.398],[84.461,20.402],[84.465,20.442],[84.398,20.527],[84.386,20.602],[84.36,20.669],[84.343,20.675],[84.334,20.689],[84.319,20.694],[84.304,20.693],[84.295,20.689],[84.278,20.674],[84.256,20.605],[84.236,20.595],[84.23,20.59],[84.222,20.587],[84.189,20.591],[84.178,20.605],[84.169,20.601],[84.155,20.593],[84.153,20.589],[84.148,20.585],[84.146,20.584],[84.135,20.59],[84.118,20.588],[84.104,20.599],[84.097,20.598],[84.085,20.592],[84.074,20.598],[84.056,20.596],[84.045,20.59],[84.036,20.585],[84.033,20.58],[84.016,20.571],[84.007,20.57],[83.996,20.572],[83.986,20.581],[83.979,20.585],[83.973,20.586],[83.95,20.581],[83.943,20.583],[83.934,20.589],[83.938,20.603],[83.928,20.607],[83.92,20.617],[83.917,20.616],[83.918,20.609],[83.92,20.606],[83.916,20.599],[83.913,20.587],[83.915,20.58],[83.912,20.578],[83.895,20.58],[83.881,20.58],[83.873,20.579],[83.858,20.572],[83.806,20.511],[83.81,20.432],[83.794,20.435],[83.788,20.443],[83.783,20.425],[83.783,20.413],[83.779,20.412],[83.77,20.414],[83.761,20.425],[83.755,20.428],[83.751,20.428],[83.751,20.424],[83.746,20.422],[83.736,20.426],[83.729,20.433],[83.722,20.435],[83.715,20.43],[83.71,20.425],[83.695,20.416],[83.69,20.416],[83.686,20.42],[83.68,20.429],[83.675,20.429],[83.67,20.425],[83.666,20.423],[83.666,20.42],[83.663,20.418],[83.658,20.413],[83.66,20.404],[83.654,20.39],[83.653,20.389],[83.654,20.387],[83.658,20.385],[83.664,20.384],[83.687,20.375],[83.691,20.373],[83.706,20.37],[83.72,20.239],[83.771,20.208],[83.791,20.181],[83.734,20.149],[83.73,20.143],[83.731,20.138],[83.73,20.133],[83.728,20.128],[83.724,20.131],[83.72,20.133],[83.718,20.13],[83.719,20.116],[83.715,20.107],[83.711,20.102],[83.696,20.101],[83.688,20.105],[83.678,20.113],[83.664,20.109],[83.649,20.098],[83.64,20.092],[83.636,20.09],[83.602,20.104],[83.592,20.112],[83.589,20.114],[83.584,20.115],[83.585,20.109],[83.589,20.1],[83.584,20.093],[83.575,20.088],[83.544,20.022],[83.503,19.992],[83.504,19.974],[83.5,19.966],[83.496,19.96],[83.562,19.925],[83.528,19.874],[83.545,19.843],[83.62,19.815],[83.628,19.743],[83.645,19.704],[83.638,19.672],[83.701,19.686],[83.724,19.668],[83.729,19.659],[83.734,19.654],[83.741,19.655],[83.744,19.658],[83.751,19.666],[83.761,19.675],[83.768,19.708],[83.769,19.713],[83.773,19.714],[83.781,19.712],[83.793,19.712],[83.809,19.717],[83.814,19.717],[83.831,19.709],[83.844,19.71],[83.874,19.674],[83.921,19.679],[83.943,19.635],[83.95,19.634],[83.956,19.634],[83.976,19.621],[83.985,19.621],[84,19.626],[84.004,19.627],[84.011,19.618],[84.015,19.623],[84.023,19.625],[84.029,19.632],[84.034,19.632],[84.039,19.63],[84.048,19.625],[84.061,19.63],[84.135,19.628],[84.151,19.587],[84.209,19.589],[84.228,19.573],[84.235,19.572],[84.239,19.572],[84.241,19.575],[84.235,19.597],[84.236,19.609],[84.227,19.626],[84.247,19.642],[84.162,19.734],[84.15,19.756],[84.134,19.776],[84.133,19.78],[84.167,19.786],[84.173,19.79],[84.174,19.792],[84.169,19.804],[84.174,19.82],[84.202,19.835],[84.185,19.86],[84.187,19.861],[84.195,19.86],[84.235,19.868],[84.253,19.872],[84.278,19.878],[84.29,19.894],[84.308,19.906],[84.317,19.887],[84.321,19.877],[84.383,19.842],[84.424,19.835],[84.433,19.837],[84.441,19.83],[84.446,19.83],[84.451,19.835],[84.446,19.843],[84.461,19.853],[84.47,19.939],[84.434,19.958],[84.377,19.966],[84.333,20.011],[84.416,20.054],[84.402,20.073],[84.415,20.12],[84.436,20.156],[84.429,20.185],[84.436,20.195],[84.436,20.202],[84.438,20.206],[84.446,20.207],[84.459,20.188],[84.453,20.17],[84.479,20.146],[84.506,20.14],[84.564,20.141],[84.564,20.146],[84.559,20.161],[84.587,20.174],[84.577,20.206],[84.547,20.244],[84.546,20.322],[84.489,20.339],[84.52,20.372],[84.513,20.398]]]},"properties":{"code":"D390","name":"Kandhamal","state":"OD"}},
{"type":"Feature","geometry":{"type":"Polygon","coordinates":[[[79.726,27.216],[79.697,27.214],[79.681,27.171],[79.633,27.184],[79.562,27.159],[79.522,27.209],[79.448,27.21],[79.395,27.196],[79.391,27.12],[79.434,27.067],[79.402,27.049],[79.382,26.986],[79.327,26.96],[79.337,26.938],[79.394,26.926],[79.439,26.941],[79.463,26.903],[79.561,26.861],[79.611,26.892],[79.661,26.888],[79.665,26.865],[79.726,26.802],[79.759,26.783],[79.842,26.772],[79.89,26.811],[79.897,26.85],[79.938,26.846],[79.946,26.845],[79.945,26.944],[80.021,26.953],[79.975,27.035],[79.976,27.065],[79.923,27.098],[79.906,27.147],[79.86,27.173],[79.805,27.168],[79.726,27.216]]]},"properties":{"code":"D160","name":"Kannauj","state":"UP"}},
{"type":"Feature","geometry":{"type":"Polygon","coordinates":[[[79.946,26.845],[79.938,26.846],[79.897,26.85],[79.89,26.811],[79.842,26.772],[79.759,26.783],[79.717,26.749],[79.723,26.666],[79.675,26.614],[79.642,26.606],[79.639,26.508],[79.601,26.482],[79.563,26.409],[79.504,26.364],[79.526,26.343],[79.549,26.275],[79.584,26.256],[79.652,26.242],[79.65,26.211],[79.73,26.184],[79.746,26.144],[79.787,26.108],[79.839,26.101],[79.868,26.114],[79.922,26.091],[79.965,26.158],[79.966,26.155],[79.967,26.156],[79.973,26.157],[79.984,26.155],[80.023,26.178],[80.005,26.193],[80.017,26.264],[80.096,26.28],[80.116,26.263],[80.167,26.304],[80.15,26.347],[80.132,26.476],[80.166,26.521],[80.162,26.533],[80.126,26.574],[80.023,26.608],[80.018,26.698],[79.961,26.761],[79.957,26.795],[79.946,26.845]]]},"properties":{"code":"D163","name":"Kanpur Dehat","state":"UP"}},
{"type":"Feature","geometry":{"type":"Polygon","coordinates":[[[80.021,26.953],[79.945,26.944],[79.946,26.845],[79.957,26.795],[79.961,26.761],[80.018,26.698],[80.023,26.608],[80.126,26.574],[80.162,26.533],[80.166,26.521],[80.132,26.476],[80.15,26.347],[80.167,26.304],[80.116,26.263],[80.096,26.28],[80.017,26.264],[80.005,26.193],[80.023,26.178],[79.984,26.155],[79.973,26.157],[79.967,26.156],[79.966,26.155],[79.968,26.154],[79.958,26.078],[80.013,26.068],[80.095,26.078],[80.108,26.025],[80.084,26.005],[80.142,25.967],[80.237,25.922],[80.217,25.972],[80.248,25.99],[80.263,26.048],[80.302,26.061],[80.324,26.113],[80.45,26.18],[80.521,26.188],[80.567,26.227],[80.533,26.358],[80.422,26.424],[80.405,26.457],[80.348,26.486],[80.296,26.548],[80.304,26.606],[80.259,26.669],[80.233,26.687],[80.187,26.687],[80.133,26.743],[80.105,26.838],[80.107,26.872],[80.052,26.919],[80.021,26.953]]]},"properties":{"code":"D164","name":"Kanpur Nagar","state":"UP"}},
{"type":"Feature","geometry":{"type":"Polygon","coordinates":[[[79.209,27.707],[79.212,27.739],[79.169,27.779],[79.163,27.819],[79.123,27.847],[79.022,27.842],[78.987,27.873],[78.965,27.851],[78.818,27.952],[78.728,27.961],[78.68,28.001],[78.672,28.035],[78.621,28.039],[78.6,27.98],[78.552,27.909],[78.531,27.904],[78.494,27.855],[78.517,27.811],[78.479,27.808],[78.487,27.749],[78.495,27.745],[78.515,27.74],[78.518,27.743],[78.524,27.746],[78.526,27.75],[78.536,27.754],[78.53,27.769],[78.604,27.766],[78.606,27.748],[78.676,27.735],[78.698,27.686],[78.744,27.642],[78.808,27.608],[78.891,27.587],[78.929,27.559],[78.966,27.564],[78.983,27.598],[78.979,27.649],[79.102,27.557],[79.126,27.555],[79.149,27.569],[79.16,27.57],[79.169,27.576],[79.178,27.584],[79.175,27.584],[79.184,27.613],[79.134,27.632],[79.136,27.703],[79.209,27.707]]]},"properties":{"code":"D202","name":"Kansiram Nagar","state":"UP"}},
{"type":"Feature","geometry":{"type":"MultiPolygon","coordinates":[[[[93.773,25.962],[93.802,25.977],[93.783,26.039],[93.836,26.16],[93.837,26.207],[93.877,26.266],[93.892,26.342],[93.885,26.387],[93.829,26.417],[93.8,26.39],[93.789,26.463],[93.737,26.55],[93.74,26.585],[93.687,26.606],[93.627,26.591],[93.561,26.608],[93.414,26.568],[93.404,26.581],[93.304,26.578],[93.254,26.568],[93.21,26.518],[93.189,26.567],[93.108,26.531],[93.047,26.535],[93.009,26.494],[93.072,26.489],[93.094,26.468],[93.057,26.421],[93.006,26.426],[92.915,26.392],[92.915,26.355],[92.944,26.327],[92.881,26.286],[92.85,26.304],[92.822,26.265],[92.821,26.215],[92.944,26.201],[92.944,26.152],[92.97,26.128],[93.108,26.07],[93.16,25.99],[93.188,25.902],[93.237,25.853],[93.252,25.787],[93.223,25.725],[93.185,25.729],[93.145,25.713],[93.133,25.684],[93.192,25.625],[93.173,25.595],[93.201,25.557],[93.307,25.529],[93.332,25.543],[93.373,25.566],[93.418,25.617],[93.483,25.642],[93.544,25.699],[93.573,25.753],[93.622,25.776],[93.649,25.82],[93.706,25.849],[93.688,25.905],[93.75,25.933],[93.773,25.962]]],[[[93.073,25.775],[92.987,25.875],[92.877,25.867],[92.85,25.905],[92.805,25.919],[92.765,25.964],[92.777,25.994],[92.749,26.04],[92.717,26.021],[92.671,26.028],[92.658,25.999],[92.594,25.964],[92.573,26.001],[92.599,26.076],[92.531,26.143],[92.471,26.146],[92.432,26.11],[92.402,26.138],[92.388,26.14],[92.304,26.075],[92.258,26.027],[92.168,25.963],[92.162,25.914],[92.227,25.9],[92.183,25.87],[92.155,25.811],[92.167,25.743],[92.162,25.672],[92.238,25.707],[92.34,25.725],[92.373,25.745],[92.418,25.738],[92.436,25.685],[92.467,25.68],[92.499,25.625],[92.559,25.61],[92.562,25.572],[92.588,25.551],[92.662,25.579],[92.703,25.6],[92.751,25.6],[92.813,25.702],[92.822,25.74],[92.922,25.771],[92.933,25.803],[92.972,25.79],[93.02,25.796],[93.073,25.775]]]]},"properties":{"code":"D314","name":"Karbi Anglong","state":"AS"}},
{"type":"Feature","geometry":{"type":"Polygon","coordinates":[[[92.499,24.874],[92.451,24.874],[92.403,24.855],[92.351,24.888],[92.25,24.908],[92.237,24.861],[92.272,24.829],[92.266,24.712],[92.226,24.68],[92.24,24.648],[92.223,24.609],[92.233,24.581],[92.233,24.502],[92.231,24.459],[92.257,24.435],[92.273,24.387],[92.213,24.248],[92.296,24.25],[92.422,24.251],[92.477,24.323],[92.507,24.437],[92.508,24.532],[92.519,24.567],[92.497,24.674],[92.523,24.74],[92.545,24.76],[92.545,24.799],[92.589,24.862],[92.526,24.859],[92.499,24.874]]]},"properties":{"code":"D317","name":"Karimganj","state":"AS"}},
{"type":"Feature","geometry":{"type":"Polygon","coordinates":[[[81.614,25.593],[81.569,25.568],[81.531,25.619],[81.467,25.635],[81.369,25.712],[81.405,25.747],[81.337,25.81],[81.315,25.781],[81.237,25.742],[81.211,25.642],[81.226,25.595],[81.263,25.544],[81.219,25.447],[81.193,25.452],[81.151,25.426],[81.151,25.397],[81.202,25.365],[81.25,25.355],[81.265,25.325],[81.325,25.347],[81.387,25.335],[81.403,25.31],[81.389,25.272],[81.46,25.259],[81.55,25.29],[81.552,25.293],[81.599,25.323],[81.615,25.339],[81.636,25.351],[81.692,25.355],[81.762,25.342],[81.789,25.319],[81.816,25.342],[81.795,25.374],[81.795,25.377],[81.8,25.386],[81.819,25.409],[81.802,25.469],[81.76,25.477],[81.724,25.511],[81.667,25.513],[81.649,25.579],[81.614,25.593]]]},"properties":{"code":"D174","name":"Kaushambi","state":"UP"}},
{"type":"Feature","geometry":{"type":"Polygon","coordinates":[[[86.798,20.739],[86.769,20.735],[86.753,20.773],[86.712,20.774],[86.652,20.798],[86.625,20.797],[86.545,20.754],[86.544,20.693],[86.459,20.67],[86.375,20.595],[86.284,20.584],[86.253,20.538],[86.278,20.517],[86.268,20.451],[86.28,20.425],[86.255,20.367],[86.303,20.356],[86.344,20.37],[86.436,20.339],[86.562,20.327],[86.598,20.345],[86.659,20.334],[86.712,20.301],[86.778,20.344],[86.733,20.411],[86.739,20.46],[86.787,20.529],[86.932,20.632],[87.015,20.683],[86.999,20.763],[86.898,20.763],[86.857,20.773],[86.798,20.739]]]},"properties":{"code":"D379","name":"Kendrapara","state":"OD"}},
{"type":"Feature","geometry":{"type":"Polygon","coordinates":[[[85.678,22.055],[85.651,22.094],[85.597,22.078],[85.492,22.12],[85.416,22.16],[85.369,22.158],[85.28,22.084],[85.237,22.004],[85.273,21.962],[85.347,21.951],[85.377,21.91],[85.349,21.834],[85.317,21.819],[85.282,21.834],[85.205,21.768],[85.19,21.717],[85.194,21.663],[85.251,21.676],[85.268,21.624],[85.305,21.567],[85.334,21.482],[85.275,21.427],[85.305,21.414],[85.344,21.359],[85.329,21.324],[85.278,21.293],[85.313,21.264],[85.369,21.241],[85.395,21.185],[85.463,21.127],[85.502,21.114],[85.549,21.166],[85.6,21.137],[85.684,21.185],[85.729,21.143],[85.766,21.143],[85.784,21.101],[85.876,21.086],[85.919,21.094],[85.937,21.136],[86.033,21.141],[86.074,21.128],[86.029,21.073],[86.048,21.024],[86.09,21.018],[86.096,21.051],[86.142,21.074],[86.262,21.039],[86.29,21.018],[86.315,21.057],[86.276,21.151],[86.293,21.176],[86.34,21.18],[86.371,21.239],[86.362,21.3],[86.359,21.32],[86.286,21.375],[86.19,21.273],[86.151,21.287],[86.121,21.272],[86.094,21.311],[86.16,21.429],[86.13,21.471],[86.01,21.532],[86.048,21.573],[86.081,21.629],[86.054,21.709],[86.014,21.746],[85.972,21.74],[85.906,21.767],[85.883,21.794],[85.811,21.812],[85.796,21.951],[85.74,21.993],[85.672,22.013],[85.678,22.055]]]},"properties":{"code":"D375","name":"Kendujhar","state":"OD"}},
{"type":"Feature","geometry":{"type":"Polygon","coordinates":[[[81.058,28.404],[81.016,28.447],[80.966,28.436],[80.91,28.457],[80.892,28.505],[80.842,28.498],[80.787,28.525],[80.772,28.563],[80.703,28.575],[80.67,28.638],[80.632,28.637],[80.584,28.661],[80.558,28.691],[80.509,28.666],[80.523,28.558],[80.462,28.624],[80.433,28.639],[80.372,28.633],[80.329,28.674],[80.304,28.617],[80.372,28.595],[80.433,28.503],[80.419,28.481],[80.359,28.461],[80.324,28.481],[80.301,28.453],[80.359,28.383],[80.368,28.332],[80.307,28.259],[80.302,28.152],[80.251,28.15],[80.26,28.084],[80.207,28.03],[80.124,27.996],[80.069,27.922],[80.032,27.923],[80.037,27.837],[80.063,27.77],[80.09,27.783],[80.145,27.754],[80.202,27.775],[80.251,27.756],[80.312,27.679],[80.385,27.713],[80.422,27.745],[80.49,27.773],[80.52,27.808],[80.566,27.748],[80.606,27.75],[80.638,27.836],[80.725,27.806],[80.791,27.817],[80.829,27.791],[80.847,27.823],[80.94,27.855],[80.963,27.901],[81.01,27.88],[80.993,27.825],[81.093,27.816],[81.11,27.789],[81.181,27.785],[81.216,27.767],[81.186,27.732],[81.267,27.71],[81.303,27.681],[81.295,27.784],[81.305,27.814],[81.279,27.884],[81.306,27.905],[81.28,27.943],[81.167,28.045],[81.159,28.068],[81.187,28.109],[81.128,28.169],[81.102,28.215],[81.069,28.235],[81.038,28.294],[81.062,28.343],[81.038,28.366],[81.058,28.404]]]},"properties":{"code":"D153","name":"Kheri","state":"UP"}},
{"type":"Feature","geometry":{"type":"Polygon","coordinates":[[[86.083,20.106],[86.026,20.176],[86.008,20.224],[85.934,20.273],[85.917,20.346],[85.872,20.34],[85.885,20.287],[85.802,20.325],[85.827,20.393],[85.802,20.434],[85.76,20.404],[85.716,20.399],[85.684,20.34],[85.64,20.319],[85.627,20.292],[85.525,20.304],[85.462,20.295],[85.45,20.263],[85.335,20.28],[85.324,20.231],[85.227,20.223],[85.202,20.19],[85.214,20.132],[85.245,20.124],[85.271,20.146],[85.358,20.188],[85.356,20.145],[85.415,20.128],[85.381,20.072],[85.422,20.024],[85.454,19.964],[85.422,19.927],[85.364,19.958],[85.321,19.926],[85.245,19.905],[85.167,19.904],[85.128,19.933],[85.01,19.9],[84.94,19.897],[84.936,19.872],[84.972,19.853],[85.01,19.803],[85.044,19.806],[85.088,19.767],[85.129,19.749],[85.184,19.675],[85.195,19.718],[85.244,19.748],[85.253,19.781],[85.328,19.801],[85.429,19.893],[85.536,19.886],[85.567,19.917],[85.51,19.946],[85.57,19.969],[85.566,20.012],[85.611,20.001],[85.631,20.025],[85.624,20.066],[85.68,20.072],[85.689,20.149],[85.725,20.143],[85.827,20.158],[85.868,20.19],[85.889,20.176],[85.904,20.123],[85.989,20.111],[86.083,20.106]]]},"properties":{"code":"D386","name":"Khordha","state":"OD"}},
{"type":"Feature","geometry":{"type":"Polygon","coordinates":[[[76.021,12.566],[75.998,12.583],[75.967,12.559],[75.943,12.602],[75.94,12.644],[75.967,12.7],[75.944,12.716],[75.939,12.761],[75.971,12.796],[75.928,12.819],[75.865,12.82],[75.874,12.78],[75.857,12.723],[75.887,12.705],[75.887,12.677],[75.839,12.669],[75.812,12.7],[75.762,12.675],[75.707,12.708],[75.673,12.7],[75.649,12.666],[75.673,12.555],[75.618,12.51],[75.593,12.537],[75.558,12.501],[75.465,12.472],[75.472,12.498],[75.436,12.528],[75.417,12.502],[75.406,12.453],[75.369,12.457],[75.381,12.392],[75.424,12.372],[75.412,12.346],[75.422,12.291],[75.486,12.291],[75.58,12.156],[75.639,12.148],[75.652,12.111],[75.688,12.108],[75.721,12.068],[75.767,12.084],[75.8,12.08],[75.805,12.036],[75.829,11.99],[75.882,11.947],[75.931,11.939],[75.982,11.931],[76.035,11.939],[76.114,11.977],[76.189,12.052],[76.171,12.118],[76.133,12.193],[76.102,12.199],[76.062,12.25],[76.023,12.252],[76,12.325],[75.962,12.345],[75.911,12.402],[75.931,12.437],[75.973,12.452],[75.964,12.503],[76.021,12.566]]]},"properties":{"code":"D576","name":"Kodagu","state":"KA"}},
{"type":"Feature","geometry":{"type":"Polygon","coordinates":[[[90.425,26.899],[90.36,26.896],[90.317,26.851],[90.231,26.858],[90.2,26.833],[90.194,26.77],[90.05,26.729],[89.895,26.724],[89.862,26.704],[89.877,26.683],[89.883,26.584],[89.87,26.57],[89.858,26.488],[89.875,26.448],[89.838,26.412],[89.862,26.384],[89.86,26.382],[89.862,26.38],[89.868,26.375],[89.883,26.373],[89.893,26.359],[89.896,26.325],[89.855,26.259],[89.884,26.137],[89.977,26.145],[90.044,26.131],[90.072,26.173],[90.135,26.196],[90.123,26.261],[90.15,26.275],[90.109,26.329],[90.157,26.353],[90.211,26.362],[90.221,26.332],[90.283,26.32],[90.344,26.37],[90.358,26.349],[90.319,26.299],[90.377,26.294],[90.377,26.319],[90.411,26.341],[90.417,26.345],[90.429,26.36],[90.399,26.385],[90.41,26.433],[90.409,26.435],[90.4,26.476],[90.396,26.478],[90.402,26.517],[90.355,26.555],[90.355,26.608],[90.421,26.711],[90.433,26.747],[90.422,26.785],[90.425,26.899]]]},"properties":{"code":"D300","name":"Kokrajhar","state":"AS"}},
{"type":"Feature","geometry":{"type":"Polygon","coordinates":[[[77.926,13.238],[77.966,13.243],[77.958,13.124],[77.903,13.099],[77.932,13.073],[77.897,13.052],[77.872,12.976],[77.876,12.943],[77.855,12.892],[77.869,12.867],[77.924,12.883],[77.938,12.86],[77.992,12.82],[78.033,12.851],[78.075,12.84],[78.131,12.78],[78.232,12.763],[78.253,12.822],[78.252,12.857],[78.314,12.857],[78.327,12.903],[78.356,12.938],[78.389,12.905],[78.412,12.943],[78.469,12.974],[78.463,13.042],[78.516,13.063],[78.52,13.13],[78.564,13.2],[78.578,13.282],[78.512,13.287],[78.446,13.308],[78.44,13.327],[78.365,13.365],[78.381,13.401],[78.377,13.505],[78.408,13.576],[78.39,13.591],[78.322,13.593],[78.259,13.584],[78.218,13.591],[78.2,13.566],[78.192,13.509],[78.208,13.481],[78.185,13.43],[78.129,13.4],[78.143,13.353],[78.118,13.299],[78.07,13.303],[78.024,13.288],[77.989,13.307],[77.946,13.277],[77.926,13.238]]]},"properties":{"code":"D581","name":"Kolar","state":"KA"}},
{"type":"Feature","geometry":{"type":"Polygon","coordinates":[[[74.693,16.717],[74.632,16.786],[74.559,16.807],[74.536,16.846],[74.496,16.856],[74.414,16.842],[74.396,16.877],[74.365,16.853],[74.298,16.892],[74.25,16.886],[74.177,16.899],[74.148,16.884],[74.121,16.911],[74.078,16.905],[74.039,16.924],[74.023,16.984],[73.971,16.993],[73.981,17.034],[73.915,17.074],[73.849,17.153],[73.781,17.18],[73.757,17.154],[73.709,17.17],[73.689,17.158],[73.789,17.093],[73.823,17.038],[73.834,16.991],[73.788,16.993],[73.766,16.963],[73.793,16.912],[73.748,16.905],[73.769,16.854],[73.753,16.813],[73.792,16.763],[73.841,16.739],[73.825,16.716],[73.866,16.67],[73.854,16.65],[73.864,16.613],[73.826,16.544],[73.888,16.449],[73.838,16.403],[73.866,16.374],[73.839,16.344],[73.849,16.313],[73.916,16.248],[73.947,16.172],[73.887,16.145],[73.856,16.145],[73.845,16.108],[73.901,16.089],[73.948,16.098],[73.999,16.087],[74.002,16.038],[74.049,16.034],[74.084,16.004],[74.049,15.95],[74.082,15.927],[74.084,15.868],[74.044,15.839],[74.159,15.821],[74.174,15.774],[74.211,15.781],[74.237,15.747],[74.286,15.741],[74.345,15.766],[74.369,15.799],[74.381,15.849],[74.364,15.878],[74.429,15.953],[74.462,16.049],[74.435,16.059],[74.384,16.037],[74.365,16.062],[74.429,16.113],[74.483,16.089],[74.503,16.225],[74.478,16.249],[74.416,16.259],[74.374,16.295],[74.342,16.293],[74.317,16.355],[74.336,16.402],[74.332,16.454],[74.288,16.476],[74.27,16.522],[74.326,16.555],[74.379,16.529],[74.397,16.58],[74.467,16.606],[74.49,16.629],[74.546,16.635],[74.544,16.594],[74.569,16.554],[74.689,16.617],[74.655,16.639],[74.691,16.677],[74.693,16.717]]]},"properties":{"code":"D530","name":"Kolhapur","state":"MH"}},
{"type":"Feature","geometry":{"type":"Polygon","coordinates":[[[76.286,15.901],[76.228,15.939],[76.156,15.911],[76.118,15.885],[76.06,15.905],[76.086,15.992],[75.994,16.004],[75.976,15.982],[75.978,15.867],[75.945,15.865],[75.903,15.923],[75.852,15.935],[75.825,15.901],[75.846,15.838],[75.928,15.793],[75.964,15.784],[75.99,15.802],[76.04,15.768],[76.046,15.725],[76.007,15.717],[75.969,15.665],[75.921,15.728],[75.871,15.715],[75.872,15.673],[75.899,15.607],[75.868,15.595],[75.86,15.514],[75.818,15.508],[75.826,15.45],[75.86,15.444],[75.866,15.408],[75.903,15.402],[75.89,15.288],[75.926,15.181],[75.95,15.137],[75.978,15.153],[76.028,15.143],[76.102,15.167],[76.11,15.191],[76.188,15.235],[76.249,15.191],[76.311,15.261],[76.334,15.263],[76.363,15.325],[76.491,15.342],[76.592,15.412],[76.612,15.442],[76.67,15.45],[76.703,15.485],[76.781,15.493],[76.813,15.515],[76.814,15.547],[76.775,15.557],[76.748,15.59],[76.69,15.594],[76.693,15.645],[76.654,15.665],[76.6,15.673],[76.588,15.697],[76.532,15.699],[76.444,15.736],[76.44,15.784],[76.451,15.851],[76.428,15.888],[76.357,15.906],[76.309,15.892],[76.286,15.901]]]},"properties":{"code":"D560","name":"Koppal","state":"KA"}},
{"type":"Feature","geometry":{"type":"Polygon","coordinates":[[[82.283,19.204],[82.242,19.227],[82.207,19.229],[82.18,19.223],[82.18,19.215],[82.169,19.214],[82.164,19.203],[82.181,19.19],[82.187,19.165],[82.176,19.14],[82.217,19.085],[82.202,19.067],[82.23,19.028],[82.248,18.917],[82.179,18.898],[82.173,18.837],[82.164,18.807],[82.169,18.798],[82.16,18.791],[82.154,18.78],[82.099,18.763],[82.093,18.74],[82.147,18.692],[82.135,18.676],[82.176,18.633],[82.222,18.667],[82.243,18.611],[82.265,18.588],[82.315,18.578],[82.359,18.622],[82.419,18.605],[82.447,18.599],[82.444,18.569],[82.417,18.564],[82.405,18.527],[82.437,18.493],[82.49,18.523],[82.531,18.512],[82.543,18.398],[82.606,18.371],[82.598,18.265],[82.64,18.237],[82.673,18.299],[82.706,18.305],[82.775,18.34],[82.793,18.363],[82.784,18.428],[82.807,18.448],[82.899,18.401],[82.911,18.365],[82.985,18.364],[83,18.384],[83.005,18.384],[83.012,18.386],[83.02,18.387],[83.048,18.379],[83.074,18.402],[83.025,18.456],[83.06,18.486],[83.097,18.541],[83.059,18.543],[83.034,18.573],[83.058,18.622],[83.088,18.616],[83.092,18.664],[83.125,18.66],[83.155,18.701],[83.231,18.756],[83.274,18.765],[83.287,18.798],[83.37,18.84],[83.396,18.879],[83.356,18.929],[83.369,18.961],[83.321,18.974],[83.348,19.017],[83.341,19.101],[83.277,19.114],[83.26,19.035],[83.239,19.023],[83.242,18.973],[83.207,18.976],[83.19,19.015],[83.189,19.093],[83.208,19.13],[83.244,19.126],[83.25,19.163],[83.199,19.164],[83.186,19.114],[83.138,19.137],[83.076,19.081],[83.07,19.065],[83.073,19.058],[83.071,19.049],[83.064,19.044],[83.048,19.054],[83.032,19.057],[83.031,19.08],[82.981,19.153],[82.951,19.155],[82.879,19.184],[82.872,19.2],[82.864,19.206],[82.853,19.194],[82.843,19.2],[82.829,19.18],[82.828,19.176],[82.826,19.171],[82.742,19.16],[82.704,19.188],[82.616,19.183],[82.549,19.206],[82.494,19.182],[82.433,19.172],[82.397,19.209],[82.283,19.204]]]},"properties":{"code":"D398","name":"Koraput","state":"OD"}},
{"type":"Feature","geometry":{"type":"Polygon","coordinates":[[[76.322,25.809],[76.232,25.804],[76.201,25.842],[76.157,25.762],[76.146,25.745],[76.191,25.705],[76.288,25.69],[76.323,25.655],[76.301,25.632],[76.293,25.545],[76.275,25.511],[76.209,25.484],[76.175,25.438],[76.113,25.329],[76.025,25.314],[76.033,25.277],[75.981,25.24],[75.949,25.276],[75.902,25.234],[75.837,25.24],[75.794,25.258],[75.778,25.197],[75.736,25.166],[75.758,25.111],[75.743,25.072],[75.696,25.03],[75.624,24.996],[75.667,24.945],[75.761,24.876],[75.822,24.867],[75.789,24.761],[75.842,24.726],[75.855,24.61],[75.923,24.54],[75.962,24.561],[76.032,24.559],[76.082,24.577],[76.065,24.623],[76.069,24.676],[76.115,24.693],[76.183,24.664],[76.201,24.683],[76.204,24.76],[76.226,24.796],[76.227,24.832],[76.314,24.84],[76.365,24.871],[76.4,24.838],[76.445,24.831],[76.443,24.783],[76.49,24.822],[76.557,24.804],[76.575,24.858],[76.487,24.92],[76.452,24.923],[76.421,24.977],[76.34,24.984],[76.324,24.959],[76.248,25.041],[76.218,25.084],[76.235,25.16],[76.255,25.189],[76.254,25.238],[76.288,25.247],[76.331,25.374],[76.371,25.389],[76.441,25.379],[76.449,25.399],[76.562,25.414],[76.579,25.432],[76.525,25.525],[76.515,25.575],[76.516,25.668],[76.488,25.713],[76.532,25.726],[76.535,25.793],[76.572,25.835],[76.5,25.843],[76.466,25.786],[76.364,25.738],[76.322,25.809]]]},"properties":{"code":"D127","name":"Kota","state":"RJ"}},
{"type":"Feature","geometry":{"type":"Polygon","coordinates":[[[83.908,27.276],[83.877,27.298],[83.842,27.286],[83.844,27.248],[83.81,27.185],[83.806,27.117],[83.778,27.105],[83.768,27.057],[83.73,27.054],[83.758,26.993],[83.729,26.953],[83.627,26.93],[83.572,26.933],[83.545,26.88],[83.56,26.836],[83.62,26.753],[83.632,26.657],[83.655,26.658],[83.683,26.7],[83.716,26.686],[83.801,26.714],[83.812,26.747],[83.875,26.748],[83.904,26.696],[83.961,26.671],[83.97,26.623],[84.011,26.576],[84.058,26.548],[84.094,26.608],[84.09,26.638],[84.161,26.636],[84.281,26.597],[84.306,26.613],[84.417,26.636],[84.411,26.669],[84.335,26.682],[84.307,26.751],[84.252,26.728],[84.234,26.754],[84.262,26.806],[84.262,26.842],[84.238,26.867],[84.186,26.851],[84.141,26.853],[84.062,26.889],[84.045,26.946],[84.059,26.988],[84.034,27.042],[83.965,27.083],[83.951,27.117],[83.995,27.179],[83.958,27.235],[83.912,27.249],[83.908,27.276]]]},"properties":{"code":"D189","name":"Kushinagar","state":"UP"}},
{"type":"Feature","geometry":{"type":"Polygon","coordinates":[[[94.581,27.214],[94.579,27.214],[94.571,27.214],[94.556,27.222],[94.521,27.263],[94.525,27.293],[94.503,27.327],[94.463,27.305],[94.395,27.325],[94.337,27.328],[94.323,27.349],[94.322,27.423],[94.28,27.468],[94.262,27.52],[94.224,27.504],[94.162,27.463],[94.089,27.401],[94.063,27.36],[94.002,27.332],[93.903,27.238],[93.87,27.196],[93.811,27.149],[93.839,27.075],[93.721,27.016],[93.7,26.992],[93.745,26.958],[93.75,26.894],[93.781,26.884],[93.774,26.844],[93.822,26.823],[93.827,26.825],[93.843,26.852],[93.881,26.855],[93.894,26.891],[93.937,26.929],[93.977,26.923],[94.054,26.979],[94.079,26.96],[94.135,26.969],[94.182,26.997],[94.188,27.028],[94.226,27.032],[94.24,27.073],[94.283,27.095],[94.309,27.072],[94.369,27.098],[94.419,27.091],[94.44,27.119],[94.51,27.12],[94.526,27.159],[94.571,27.178],[94.582,27.21],[94.581,27.214]]]},"properties":{"code":"D307","name":"Lakhimpur","state":"AS"}},
{"type":"Feature","geometry":{"type":"Polygon","coordinates":[[[78.989,24.443],[78.947,24.442],[78.952,24.549],[78.92,24.577],[78.889,24.635],[78.838,24.604],[78.784,24.589],[78.759,24.598],[78.747,24.655],[78.779,24.699],[78.771,24.79],[78.787,24.81],[78.771,24.857],[78.675,24.898],[78.661,24.939],[78.632,24.957],[78.649,25.057],[78.604,25.093],[78.601,25.152],[78.57,25.221],[78.534,25.183],[78.45,25.124],[78.438,25.119],[78.431,25.12],[78.396,25.122],[78.374,25.099],[78.339,25.088],[78.334,25.084],[78.332,25.079],[78.345,25.022],[78.334,24.995],[78.177,24.88],[78.172,24.843],[78.193,24.838],[78.232,24.772],[78.233,24.731],[78.274,24.665],[78.276,24.611],[78.261,24.548],[78.23,24.537],[78.267,24.449],[78.369,24.374],[78.333,24.334],[78.347,24.303],[78.392,24.269],[78.441,24.293],[78.506,24.39],[78.585,24.353],[78.624,24.292],[78.705,24.23],[78.761,24.243],[78.791,24.181],[78.817,24.204],[78.865,24.209],[78.886,24.25],[78.916,24.269],[78.914,24.297],[78.975,24.353],[78.994,24.419],[78.989,24.443]]]},"properties":{"code":"D167","name":"Lalitpur","state":"UP"}},
{"type":"Feature","geometry":{"type":"Polygon","coordinates":[[[76.995,18.827],[76.885,18.835],[76.816,18.799],[76.746,18.774],[76.727,18.749],[76.737,18.702],[76.686,18.692],[76.685,18.647],[76.663,18.592],[76.634,18.551],[76.706,18.547],[76.699,18.5],[76.676,18.482],[76.619,18.494],[76.609,18.455],[76.504,18.478],[76.468,18.496],[76.424,18.553],[76.388,18.541],[76.352,18.564],[76.28,18.574],[76.277,18.557],[76.255,18.519],[76.272,18.42],[76.226,18.429],[76.208,18.388],[76.319,18.329],[76.316,18.282],[76.287,18.248],[76.302,18.23],[76.277,18.139],[76.331,18.074],[76.382,18.089],[76.428,18.03],[76.548,18.024],[76.597,18.033],[76.625,18],[76.677,17.997],[76.69,17.97],[76.676,17.922],[76.742,17.9],[76.776,17.879],[76.856,17.9],[76.883,17.895],[76.915,17.939],[76.92,18.035],[76.954,18.039],[76.956,18.112],[76.925,18.118],[76.956,18.186],[77.06,18.154],[77.111,18.154],[77.098,18.197],[77.142,18.209],[77.181,18.283],[77.209,18.279],[77.243,18.41],[77.267,18.42],[77.268,18.453],[77.275,18.475],[77.247,18.499],[77.296,18.547],[77.267,18.565],[77.271,18.611],[77.214,18.625],[77.2,18.647],[77.156,18.646],[77.157,18.701],[77.047,18.683],[77.057,18.766],[77.008,18.767],[76.995,18.827]]]},"properties":{"code":"D524","name":"Latur","state":"MH"}},
{"type":"Feature","geometry":{"type":"Polygon","coordinates":[[[81.166,26.593],[81.184,26.619],[81.17,26.648],[81.219,26.706],[81.189,26.761],[81.159,26.776],[81.157,26.814],[81.094,26.838],[81.102,26.87],[81.082,26.909],[81.043,26.939],[81.03,26.985],[81,27],[81,27.075],[81.052,27.09],[81.012,27.141],[80.979,27.138],[80.929,27.159],[80.894,27.128],[80.827,27.101],[80.742,27.102],[80.686,27.063],[80.647,27.079],[80.621,27.045],[80.56,27.011],[80.6,26.984],[80.627,26.889],[80.681,26.861],[80.738,26.776],[80.703,26.747],[80.699,26.689],[80.729,26.656],[80.757,26.686],[80.795,26.646],[80.843,26.663],[80.883,26.631],[80.892,26.598],[81,26.535],[81.045,26.502],[81.078,26.523],[81.104,26.562],[81.127,26.56],[81.166,26.593]]]},"properties":{"code":"D157","name":"Lucknow","state":"UP"}},
{"type":"Feature","geometry":{"type":"Polygon","coordinates":[[[83.867,27.345],[83.823,27.375],[83.752,27.403],[83.609,27.47],[83.402,27.478],[83.392,27.435],[83.406,27.399],[83.358,27.34],[83.293,27.337],[83.214,27.263],[83.22,27.244],[83.13,27.141],[83.163,27.129],[83.178,27.087],[83.323,27.053],[83.341,27.091],[83.402,27.072],[83.331,26.981],[83.447,26.975],[83.545,26.88],[83.572,26.933],[83.627,26.93],[83.729,26.953],[83.758,26.993],[83.73,27.054],[83.768,27.057],[83.778,27.105],[83.806,27.117],[83.81,27.185],[83.844,27.248],[83.842,27.286],[83.877,27.298],[83.908,27.276],[83.918,27.327],[83.865,27.308],[83.867,27.345]]]},"properties":{"code":"D187","name":"Maharajganj","state":"UP"}},
{"type":"Feature","geometry":{"type":"MultiPolygon","coordinates":[[[[80.121,25.407],[80.107,25.401],[80.024,25.444],[80.037,25.479],[80,25.489],[80,25.532],[80.026,25.588],[79.98,25.631],[79.943,25.592],[79.914,25.597],[79.831,25.549],[79.814,25.499],[79.739,25.526],[79.742,25.548],[79.66,25.542],[79.645,25.486],[79.593,25.495],[79.535,25.483],[79.467,25.506],[79.389,25.522],[79.37,25.465],[79.333,25.428],[79.325,25.399],[79.277,25.337],[79.284,25.322],[79.341,25.328],[79.442,25.237],[79.391,25.166],[79.397,25.116],[79.497,25.078],[79.558,25.165],[79.641,25.128],[79.674,25.123],[79.747,25.138],[79.835,25.096],[79.868,25.152],[79.853,25.232],[79.957,25.261],[80.005,25.266],[80.029,25.339],[80.104,25.347],[80.121,25.407]]],[[[79.389,25.099],[79.362,25.049],[79.4,25.031],[79.424,25.057],[79.389,25.099]]]]},"properties":{"code":"D169","name":"Mahoba","state":"UP"}},
{"type":"Feature","geometry":{"type":"Polygon","coordinates":[[[79.251,27.331],[79.216,27.329],[79.167,27.381],[79.147,27.377],[79.11,27.432],[79.064,27.417],[79,27.433],[78.96,27.419],[78.907,27.464],[78.84,27.409],[78.836,27.361],[78.734,27.336],[78.727,27.325],[78.763,27.202],[78.789,27.153],[78.78,27.05],[78.818,26.956],[78.956,26.971],[79.002,26.932],[79.055,26.983],[79.117,27],[79.193,27.001],[79.197,26.975],[79.272,26.988],[79.327,26.96],[79.382,26.986],[79.402,27.049],[79.434,27.067],[79.391,27.12],[79.395,27.196],[79.339,27.215],[79.321,27.287],[79.289,27.282],[79.251,27.331]]]},"properties":{"code":"D148","name":"Mainpuri","state":"UP"}},
{"type":"Feature","geometry":{"type":"Polygon","coordinates":[[[82.437,18.493],[82.405,18.527],[82.417,18.564],[82.444,18.569],[82.447,18.599],[82.419,18.605],[82.359,18.622],[82.315,18.578],[82.265,18.588],[82.243,18.611],[82.222,18.667],[82.176,18.633],[82.135,18.676],[82.147,18.692],[82.093,18.739],[81.969,18.693],[81.956,18.636],[81.955,18.566],[81.909,18.564],[81.905,18.535],[81.871,18.524],[81.858,18.496],[81.77,18.418],[81.753,18.353],[81.666,18.346],[81.669,18.323],[81.602,18.308],[81.576,18.28],[81.536,18.266],[81.513,18.191],[81.531,18.164],[81.517,18.1],[81.482,18.036],[81.485,17.981],[81.453,17.93],[81.446,17.884],[81.404,17.895],[81.394,17.814],[81.479,17.831],[81.49,17.811],[81.583,17.835],[81.62,17.823],[81.672,17.885],[81.712,17.869],[81.767,17.901],[81.81,17.944],[81.945,17.992],[81.982,18.014],[82.033,18.066],[82.172,18.05],[82.25,17.988],[82.276,17.995],[82.267,18.043],[82.345,18.056],[82.342,18.151],[82.315,18.204],[82.341,18.224],[82.345,18.274],[82.375,18.279],[82.401,18.315],[82.354,18.33],[82.393,18.38],[82.37,18.418],[82.437,18.493]]]},"properties":{"code":"D399","name":"Malkangiri","state":"OD"}},
{"type":"Feature","geometry":{"type":"Polygon","coordinates":[[[77.081,12.746],[77.011,12.764],[76.971,12.803],[76.925,12.804],[76.892,12.853],[76.892,12.889],[76.841,12.949],[76.852,12.977],[76.762,13.035],[76.703,13.039],[76.674,13.054],[76.653,13.007],[76.632,13.006],[76.632,12.972],[76.605,12.937],[76.577,12.848],[76.523,12.841],[76.47,12.795],[76.412,12.846],[76.333,12.798],[76.358,12.752],[76.365,12.71],[76.345,12.656],[76.366,12.629],[76.381,12.575],[76.414,12.556],[76.458,12.478],[76.568,12.425],[76.557,12.391],[76.581,12.349],[76.625,12.368],[76.651,12.395],[76.681,12.367],[76.72,12.355],[76.733,12.319],[76.812,12.36],[76.836,12.402],[76.937,12.402],[76.939,12.354],[76.979,12.347],[77,12.244],[77.035,12.233],[77.113,12.242],[77.17,12.259],[77.166,12.309],[77.323,12.307],[77.334,12.353],[77.315,12.39],[77.287,12.392],[77.27,12.465],[77.214,12.486],[77.167,12.482],[77.148,12.462],[77.115,12.553],[77.1,12.667],[77.077,12.678],[77.081,12.746]]]},"properties":{"code":"D573","name":"Mandya","state":"KA"}},
{"type":"Feature","geometry":{"type":"Polygon","coordinates":[[[92.402,26.138],[92.438,26.243],[92.507,26.256],[92.555,26.339],[92.551,26.36],[92.442,26.405],[92.443,26.485],[92.425,26.517],[92.346,26.502],[92.291,26.46],[92.257,26.451],[92.223,26.417],[92.181,26.423],[92.144,26.399],[92.086,26.337],[92.051,26.281],[91.984,26.275],[91.956,26.254],[92,26.204],[92.034,26.208],[92.132,26.178],[92.165,26.148],[92.18,26.078],[92.243,26.061],[92.304,26.075],[92.388,26.14],[92.402,26.138]]]},"properties":{"code":"D304","name":"Marigaon","state":"AS"}},
{"type":"Feature","geometry":{"type":"Polygon","coordinates":[[[77.898,27.584],[77.872,27.575],[77.851,27.653],[77.794,27.684],[77.797,27.733],[77.834,27.753],[77.762,27.904],[77.715,27.943],[77.679,27.942],[77.644,27.965],[77.626,27.936],[77.557,27.912],[77.528,27.926],[77.478,27.927],[77.479,27.889],[77.431,27.889],[77.383,27.858],[77.338,27.846],[77.285,27.801],[77.313,27.782],[77.319,27.731],[77.343,27.702],[77.351,27.647],[77.32,27.606],[77.334,27.591],[77.349,27.519],[77.385,27.513],[77.402,27.476],[77.438,27.456],[77.424,27.42],[77.44,27.394],[77.506,27.376],[77.6,27.295],[77.648,27.241],[77.702,27.252],[77.781,27.233],[77.847,27.288],[77.951,27.283],[77.904,27.323],[77.919,27.374],[77.903,27.441],[77.942,27.484],[77.879,27.527],[77.908,27.564],[77.898,27.584]]]},"properties":{"code":"D145","name":"Mathura","state":"UP"}},
{"type":"Feature","geometry":{"type":"Polygon","coordinates":[[[83.508,26.277],[83.471,26.258],[83.41,26.168],[83.422,26.139],[83.385,26.085],[83.381,26.042],[83.327,26.022],[83.332,25.933],[83.313,25.857],[83.346,25.814],[83.379,25.798],[83.402,25.837],[83.508,25.864],[83.66,25.891],[83.733,25.856],[83.799,25.923],[83.773,26.002],[83.689,26.009],[83.682,26.071],[83.795,26.108],[83.808,26.135],[83.785,26.164],[83.811,26.191],[83.79,26.23],[83.742,26.262],[83.635,26.223],[83.534,26.277],[83.508,26.277]]]},"properties":{"code":"D192","name":"Mau","state":"UP"}},
{"type":"Feature","geometry":{"type":"Polygon","coordinates":[[[86.068,22.552],[85.975,22.503],[85.967,22.482],[85.959,22.459],[86.027,22.385],[85.999,22.342],[86.024,22.308],[85.976,22.247],[86.032,22.189],[86,22.136],[86.008,22.117],[85.948,22.023],[85.9,21.982],[85.79,21.983],[85.762,22.012],[85.785,22.04],[85.808,22.115],[85.728,22.062],[85.678,22.055],[85.672,22.013],[85.74,21.993],[85.796,21.951],[85.811,21.812],[85.883,21.794],[85.906,21.767],[85.972,21.74],[86.014,21.746],[86.054,21.709],[86.081,21.629],[86.048,21.573],[86.01,21.532],[86.13,21.471],[86.16,21.429],[86.094,21.311],[86.121,21.272],[86.151,21.287],[86.19,21.273],[86.286,21.375],[86.359,21.32],[86.362,21.3],[86.428,21.332],[86.535,21.428],[86.585,21.521],[86.641,21.534],[86.652,21.565],[86.688,21.594],[86.813,21.607],[86.866,21.597],[86.891,21.622],[86.919,21.58],[86.952,21.573],[87,21.594],[87.012,21.648],[87.054,21.683],[87.102,21.751],[87.113,21.786],[87.16,21.768],[87.179,21.812],[87.099,21.865],[87.035,21.87],[87.003,21.912],[87.039,21.994],[87.022,22.046],[86.962,22.088],[86.853,22.103],[86.811,22.118],[86.795,22.158],[86.721,22.148],[86.728,22.219],[86.653,22.24],[86.651,22.265],[86.584,22.302],[86.53,22.307],[86.505,22.345],[86.43,22.31],[86.358,22.349],[86.293,22.429],[86.226,22.453],[86.208,22.474],[86.107,22.494],[86.068,22.552]]]},"properties":{"code":"D376","name":"Mayurbhanj","state":"OD"}},
{"type":"Feature","geometry":{"type":"Polygon","coordinates":[[[78.137,29.253],[78.037,29.262],[77.929,29.21],[77.869,29.222],[77.852,29.198],[77.804,29.18],[77.751,29.214],[77.694,29.223],[77.665,29.25],[77.589,29.256],[77.507,29.19],[77.477,29.183],[77.432,29.086],[77.46,29.067],[77.477,28.961],[77.462,28.92],[77.462,28.906],[77.597,28.875],[77.693,28.875],[77.717,28.787],[77.698,28.743],[77.732,28.736],[77.788,28.767],[77.793,28.786],[77.854,28.801],[77.869,28.862],[77.897,28.866],[77.969,28.843],[78.035,28.863],[78.116,28.856],[78.064,28.893],[78.066,28.956],[78.094,28.977],[78.101,29.026],[78.085,29.068],[78.106,29.083],[78.109,29.14],[78.136,29.165],[78.127,29.205],[78.137,29.253]]]},"properties":{"code":"D138","name":"Meerut","state":"UP"}},
{"type":"Feature","geometry":{"type":"Polygon","coordinates":[[[83.034,25.241],[83.002,25.203],[82.919,25.213],[82.872,25.2],[82.857,25.169],[82.792,25.21],[82.817,25.257],[82.757,25.243],[82.711,25.263],[82.672,25.248],[82.578,25.251],[82.539,25.239],[82.476,25.247],[82.467,25.223],[82.402,25.26],[82.361,25.214],[82.333,25.213],[82.3,25.272],[82.264,25.268],[82.244,25.215],[82.269,25.182],[82.327,25.076],[82.297,25.05],[82.305,25.019],[82.265,24.967],[82.242,24.963],[82.169,24.891],[82.138,24.884],[82.084,24.833],[82.108,24.807],[82.168,24.79],[82.204,24.761],[82.247,24.752],[82.251,24.699],[82.3,24.662],[82.302,24.611],[82.338,24.621],[82.369,24.6],[82.417,24.596],[82.41,24.682],[82.428,24.703],[82.495,24.673],[82.527,24.676],[82.55,24.695],[82.556,24.741],[82.547,24.808],[82.583,24.83],[82.627,24.788],[82.659,24.785],[82.726,24.818],[82.825,24.854],[82.84,24.843],[82.955,24.838],[83.013,24.9],[83.015,24.822],[83.058,24.799],[83.108,24.817],[83.067,24.929],[83.076,24.977],[83.065,25.065],[83.123,25.056],[83.142,25.131],[83.168,25.135],[83.175,25.184],[83.128,25.187],[83.034,25.241]]]},"properties":{"code":"D199","name":"Mirzapur","state":"UP"}},
{"type":"Feature","geometry":{"type":"Polygon","coordinates":[[[78.771,29.281],[78.707,29.267],[78.674,29.197],[78.639,29.161],[78.664,29.144],[78.602,29.084],[78.525,29.07],[78.572,29.017],[78.528,28.945],[78.581,28.944],[78.63,28.923],[78.654,28.861],[78.583,28.796],[78.514,28.774],[78.44,28.796],[78.42,28.74],[78.416,28.659],[78.438,28.606],[78.415,28.463],[78.494,28.415],[78.494,28.38],[78.525,28.358],[78.598,28.351],[78.639,28.333],[78.68,28.346],[78.707,28.377],[78.755,28.376],[78.818,28.445],[78.871,28.481],[78.92,28.479],[78.941,28.517],[78.938,28.563],[78.905,28.603],[78.839,28.66],[78.879,28.69],[78.946,28.713],[78.976,28.763],[78.938,28.855],[78.888,28.898],[78.902,28.948],[78.892,28.974],[78.95,29.033],[78.935,29.079],[78.97,29.123],[78.973,29.156],[78.917,29.157],[78.911,29.197],[78.876,29.243],[78.826,29.246],[78.771,29.281]]]},"properties":{"code":"D135","name":"Moradabad","state":"UP"}},
{"type":"Feature","geometry":{"type":"Polygon","coordinates":[[[72.897,18.979],[72.879,18.991],[72.859,19.055],[72.818,19.033],[72.808,18.98],[72.821,18.933],[72.806,18.909],[72.84,18.845],[72.87,18.911],[72.914,18.951],[72.897,18.979]]]},"properties":{"code":"D519","name":"Mumbai","state":"MH"}},
{"type":"Feature","geometry":{"type":"Polygon","coordinates":[[[72.959,18.987],[72.979,19.033],[72.968,19.094],[72.983,19.156],[72.907,19.242],[72.856,19.269],[72.818,19.245],[72.782,19.263],[72.779,19.216],[72.794,19.191],[72.787,19.148],[72.818,19.123],[72.818,19.033],[72.859,19.055],[72.879,18.991],[72.897,18.979],[72.959,18.987]]]},"properties":{"code":"D518","name":"Mumbai Suburban","state":"MH"}},
{"type":"Feature","geometry":{"type":"Polygon","coordinates":[[[78,29.54],[77.989,29.636],[77.958,29.682],[77.886,29.696],[77.823,29.667],[77.744,29.604],[77.697,29.614],[77.666,29.574],[77.625,29.613],[77.489,29.632],[77.446,29.67],[77.391,29.646],[77.342,29.645],[77.3,29.671],[77.203,29.68],[77.144,29.695],[77.097,29.596],[77.121,29.548],[77.096,29.529],[77.135,29.481],[77.135,29.448],[77.158,29.34],[77.153,29.296],[77.207,29.274],[77.309,29.261],[77.355,29.239],[77.411,29.245],[77.507,29.19],[77.589,29.256],[77.665,29.25],[77.694,29.223],[77.751,29.214],[77.804,29.18],[77.852,29.198],[77.869,29.222],[77.929,29.21],[78.037,29.262],[78.137,29.253],[78.11,29.324],[78.068,29.359],[78.065,29.402],[77.994,29.493],[78,29.54]]]},"properties":{"code":"D133","name":"Muzaffarnagar","state":"UP"}},
{"type":"Feature","geometry":{"type":"Polygon","coordinates":[[[77.113,12.242],[77.035,12.233],[77,12.244],[76.979,12.347],[76.939,12.354],[76.937,12.402],[76.836,12.402],[76.812,12.36],[76.733,12.319],[76.72,12.355],[76.681,12.367],[76.651,12.395],[76.625,12.368],[76.581,12.349],[76.557,12.391],[76.568,12.425],[76.458,12.478],[76.414,12.556],[76.381,12.575],[76.366,12.629],[76.345,12.656],[76.312,12.621],[76.27,12.619],[76.229,12.643],[76.21,12.629],[76.193,12.574],[76.169,12.579],[76.132,12.526],[76.101,12.529],[76.048,12.573],[76.021,12.566],[75.964,12.503],[75.973,12.452],[75.931,12.437],[75.911,12.402],[75.962,12.345],[76,12.325],[76.023,12.252],[76.062,12.25],[76.102,12.199],[76.133,12.193],[76.171,12.118],[76.189,12.052],[76.114,11.977],[76.114,11.858],[76.191,11.87],[76.21,11.856],[76.225,11.807],[76.282,11.807],[76.318,11.751],[76.342,11.737],[76.415,11.76],[76.424,11.805],[76.462,11.79],[76.492,11.821],[76.491,11.858],[76.534,11.871],[76.577,11.921],[76.56,11.945],[76.584,11.982],[76.644,11.982],[76.669,12.008],[76.702,11.995],[76.767,11.996],[76.824,12.01],[76.905,11.996],[76.939,12.027],[76.872,12.056],[76.875,12.116],[76.834,12.128],[76.843,12.156],[76.947,12.098],[76.987,12.14],[77.02,12.135],[77.046,12.169],[77.134,12.209],[77.113,12.242]]]},"properties":{"code":"D577","name":"Mysore","state":"KA"}},
{"type":"Feature","geometry":{"type":"Polygon","coordinates":[[[82.018,20.049],[81.941,20.103],[81.897,20.047],[81.881,20.05],[81.845,19.954],[81.866,19.904],[81.968,19.859],[81.988,19.8],[82.06,19.796],[82.065,19.758],[82.045,19.709],[82.059,19.63],[82.043,19.588],[82.054,19.544],[82.03,19.507],[82.1,19.515],[82.105,19.467],[82.127,19.429],[82.178,19.435],[82.191,19.418],[82.174,19.372],[82.188,19.338],[82.16,19.271],[82.169,19.214],[82.18,19.223],[82.207,19.229],[82.242,19.227],[82.283,19.204],[82.397,19.209],[82.433,19.172],[82.494,19.182],[82.549,19.206],[82.616,19.183],[82.704,19.188],[82.742,19.16],[82.826,19.171],[82.829,19.18],[82.835,19.179],[82.836,19.189],[82.843,19.2],[82.857,19.204],[82.848,19.209],[82.839,19.235],[82.806,19.237],[82.826,19.256],[82.838,19.325],[82.787,19.342],[82.757,19.328],[82.715,19.358],[82.694,19.417],[82.634,19.482],[82.645,19.507],[82.569,19.543],[82.55,19.61],[82.572,19.673],[82.569,19.734],[82.603,19.746],[82.593,19.776],[82.579,19.833],[82.605,19.866],[82.483,19.906],[82.45,19.908],[82.396,19.887],[82.347,19.835],[82.306,19.888],[82.269,19.976],[82.238,20.003],[82.192,19.986],[82.124,20.015],[82.065,20.054],[82.018,20.049]]]},"properties":{"code":"D397","name":"Nabarangapur","state":"OD"}},
{"type":"Feature","geometry":{"type":"Polygon","coordinates":[[[93.304,26.578],[93.288,26.635],[93.322,26.657],[93.309,26.698],[93.247,26.684],[93.218,26.625],[93.124,26.577],[93.074,26.595],[93.009,26.598],[92.944,26.617],[92.924,26.598],[92.852,26.585],[92.774,26.556],[92.756,26.512],[92.705,26.526],[92.581,26.5],[92.529,26.509],[92.467,26.498],[92.425,26.517],[92.443,26.485],[92.442,26.405],[92.551,26.36],[92.555,26.339],[92.507,26.256],[92.438,26.243],[92.402,26.138],[92.432,26.11],[92.471,26.146],[92.531,26.143],[92.599,26.076],[92.573,26.001],[92.594,25.964],[92.658,25.999],[92.671,26.028],[92.717,26.021],[92.749,26.04],[92.777,25.994],[92.765,25.964],[92.805,25.919],[92.85,25.905],[92.877,25.867],[92.987,25.875],[93.073,25.775],[93.109,25.774],[93.148,25.737],[93.145,25.713],[93.185,25.729],[93.223,25.725],[93.252,25.787],[93.237,25.853],[93.188,25.902],[93.16,25.99],[93.108,26.07],[92.97,26.128],[92.944,26.152],[92.944,26.201],[92.821,26.215],[92.822,26.265],[92.85,26.304],[92.881,26.286],[92.944,26.327],[92.915,26.355],[92.915,26.392],[93.006,26.426],[93.057,26.421],[93.094,26.468],[93.072,26.489],[93.009,26.494],[93.047,26.535],[93.108,26.531],[93.189,26.567],[93.21,26.518],[93.254,26.568],[93.304,26.578]]]},"properties":{"code":"D305","name":"Nagaon","state":"AS"}},
{"type":"Feature","geometry":{"type":"Polygon","coordinates":[[[74.681,27.667],[74.628,27.648],[74.607,27.676],[74.496,27.666],[74.442,27.692],[74.344,27.679],[74.257,27.602],[74.239,27.526],[74.206,27.506],[74.205,27.424],[74.154,27.411],[74.137,27.461],[74.082,27.479],[74.03,27.535],[73.974,27.506],[73.902,27.496],[73.878,27.539],[73.83,27.504],[73.79,27.501],[73.751,27.534],[73.704,27.519],[73.657,27.564],[73.618,27.536],[73.612,27.489],[73.54,27.494],[73.506,27.434],[73.495,27.36],[73.504,27.333],[73.45,27.31],[73.375,27.26],[73.351,27.197],[73.284,27.255],[73.268,27.304],[73.242,27.326],[73.208,27.278],[73.163,27.295],[73.132,27.235],[73.156,27.199],[73.167,27.145],[73.152,27.121],[73.192,27.056],[73.158,27.025],[73.153,26.992],[73.115,26.966],[73.123,26.944],[73.177,26.929],[73.191,26.882],[73.213,26.869],[73.327,26.857],[73.438,26.886],[73.492,26.887],[73.53,26.858],[73.588,26.863],[73.631,26.839],[73.655,26.808],[73.672,26.752],[73.65,26.71],[73.721,26.552],[73.755,26.541],[73.794,26.504],[73.857,26.467],[73.873,26.43],[73.958,26.419],[74.07,26.423],[74.099,26.446],[74.175,26.421],[74.238,26.461],[74.291,26.449],[74.337,26.443],[74.375,26.489],[74.429,26.486],[74.481,26.497],[74.593,26.629],[74.618,26.6],[74.619,26.566],[74.674,26.594],[74.722,26.676],[74.724,26.702],[74.665,26.711],[74.698,26.771],[74.749,26.77],[74.781,26.799],[74.774,26.849],[74.805,26.853],[74.852,26.975],[74.911,26.976],[74.983,26.941],[74.977,26.89],[75.014,26.895],[75.014,26.945],[75.166,26.933],[75.166,26.962],[75.204,26.974],[75.204,27.007],[75.259,27.034],[75.223,27.055],[75.221,27.083],[75.34,27.093],[75.341,27.14],[75.316,27.159],[75.301,27.129],[75.179,27.141],[75.118,27.184],[75.125,27.211],[75.072,27.219],[75.168,27.316],[75.116,27.344],[75.118,27.377],[75.074,27.385],[75.009,27.347],[74.947,27.346],[74.899,27.33],[74.874,27.372],[74.857,27.45],[74.803,27.45],[74.799,27.482],[74.723,27.501],[74.716,27.537],[74.762,27.568],[74.681,27.667]]]},"properties":{"code":"D112","name":"Nagaur","state":"RJ"}},
{"type":"Feature","geometry":{"type":"Polygon","coordinates":[[[79.512,21.589],[79.519,21.626],[79.495,21.673],[79.417,21.69],[79.401,21.674],[79.291,21.693],[79.234,21.721],[79.222,21.649],[79.154,21.659],[79.11,21.608],[79.015,21.6],[78.98,21.616],[78.918,21.562],[78.937,21.486],[78.766,21.488],[78.729,21.463],[78.689,21.481],[78.626,21.476],[78.59,21.485],[78.565,21.513],[78.514,21.527],[78.485,21.505],[78.435,21.5],[78.446,21.403],[78.402,21.384],[78.376,21.394],[78.251,21.329],[78.298,21.293],[78.333,21.251],[78.443,21.235],[78.507,21.19],[78.559,21.115],[78.59,21.115],[78.607,21.069],[78.652,21.036],[78.731,21.005],[78.735,20.947],[78.805,20.877],[78.865,20.871],[78.864,20.842],[78.916,20.835],[78.916,20.806],[78.945,20.767],[79.053,20.734],[79.107,20.686],[79.143,20.676],[79.189,20.603],[79.225,20.582],[79.322,20.583],[79.376,20.677],[79.407,20.656],[79.46,20.669],[79.509,20.704],[79.535,20.74],[79.536,20.773],[79.56,20.803],[79.617,20.903],[79.644,20.917],[79.66,20.969],[79.613,21.038],[79.514,21.121],[79.51,21.163],[79.552,21.157],[79.576,21.283],[79.483,21.427],[79.45,21.435],[79.486,21.502],[79.543,21.543],[79.512,21.589]]]},"properties":{"code":"D505","name":"Nagpur","state":"MH"}},
{"type":"Feature","geometry":{"type":"Polygon","coordinates":[[[91.237,26.182],[91.258,26.163],[91.359,26.164],[91.416,26.136],[91.42,26.265],[91.454,26.273],[91.459,26.318],[91.528,26.33],[91.528,26.378],[91.567,26.433],[91.558,26.54],[91.555,26.546],[91.562,26.554],[91.568,26.564],[91.569,26.566],[91.569,26.571],[91.57,26.573],[91.564,26.575],[91.546,26.576],[91.499,26.531],[91.472,26.579],[91.405,26.53],[91.351,26.519],[91.33,26.492],[91.293,26.504],[91.293,26.508],[91.292,26.508],[91.291,26.507],[91.29,26.502],[91.269,26.487],[91.241,26.455],[91.238,26.392],[91.281,26.354],[91.222,26.216],[91.237,26.182]]]},"properties":{"code":"D323","name":"Nalbari","state":"AS"}},
{"type":"Feature","geometry":{"type":"Polygon","coordinates":[[[78.315,19.913],[78.201,19.903],[78.142,19.915],[78.078,19.901],[78.053,19.931],[78.019,19.916],[77.954,19.911],[77.892,19.871],[77.849,19.801],[77.861,19.744],[77.892,19.727],[77.934,19.739],[78,19.681],[78.047,19.699],[78.082,19.648],[78.131,19.667],[78.179,19.655],[78.195,19.626],[78.185,19.564],[78.147,19.553],[78.114,19.491],[78.068,19.467],[78.026,19.497],[78.013,19.465],[77.959,19.511],[77.862,19.52],[77.843,19.51],[77.848,19.456],[77.749,19.431],[77.699,19.439],[77.737,19.48],[77.75,19.522],[77.646,19.548],[77.617,19.638],[77.555,19.652],[77.54,19.669],[77.46,19.682],[77.47,19.499],[77.494,19.466],[77.437,19.407],[77.452,19.389],[77.364,19.339],[77.314,19.354],[77.28,19.315],[77.244,19.321],[77.222,19.27],[77.178,19.211],[77.192,19.13],[77.166,19.116],[77.141,19.07],[77.104,19.104],[77.063,19.067],[77.055,18.988],[77.021,18.934],[76.951,18.907],[76.957,18.874],[77.013,18.878],[77.019,18.843],[76.995,18.827],[77.008,18.767],[77.057,18.766],[77.047,18.683],[77.157,18.701],[77.156,18.646],[77.2,18.647],[77.214,18.625],[77.271,18.611],[77.267,18.565],[77.296,18.547],[77.247,18.499],[77.275,18.475],[77.268,18.453],[77.267,18.42],[77.316,18.441],[77.367,18.431],[77.404,18.399],[77.396,18.342],[77.411,18.301],[77.469,18.262],[77.554,18.293],[77.531,18.341],[77.586,18.445],[77.574,18.468],[77.601,18.549],[77.644,18.556],[77.661,18.529],[77.716,18.556],[77.751,18.591],[77.734,18.644],[77.737,18.677],[77.79,18.696],[77.841,18.809],[77.948,18.844],[77.903,18.869],[77.886,18.91],[77.844,18.913],[77.858,18.954],[77.821,18.984],[77.771,18.983],[77.765,19.063],[77.801,19.052],[77.804,19.1],[77.849,19.115],[77.848,19.189],[77.872,19.247],[77.905,19.278],[77.865,19.303],[77.953,19.342],[78.05,19.272],[78.131,19.248],[78.188,19.243],[78.202,19.333],[78.184,19.354],[78.192,19.397],[78.229,19.435],[78.314,19.457],[78.301,19.559],[78.316,19.605],[78.292,19.655],[78.29,19.69],[78.35,19.714],[78.372,19.782],[78.344,19.84],[78.299,19.85],[78.315,19.913]]]},"properties":{"code":"D511","name":"Nanded","state":"MH"}},
{"type":"Feature","geometry":{"type":"Polygon","coordinates":[[[74.772,21.614],[74.711,21.624],[74.668,21.648],[74.586,21.663],[74.545,21.718],[74.509,21.722],[74.515,21.76],[74.5,21.805],[74.524,21.907],[74.49,21.953],[74.448,21.966],[74.432,22.029],[74.385,22.018],[74.342,21.973],[74.297,21.964],[74.288,21.935],[74.201,21.924],[74.142,21.952],[74.042,21.921],[73.944,21.869],[73.874,21.837],[73.836,21.837],[73.822,21.811],[73.841,21.741],[73.885,21.709],[73.88,21.644],[73.782,21.624],[73.819,21.597],[73.855,21.495],[73.932,21.519],[73.982,21.521],[74.02,21.551],[74.063,21.558],[74.18,21.559],[74.202,21.528],[74.234,21.549],[74.265,21.534],[74.287,21.557],[74.331,21.539],[74.323,21.494],[74.302,21.478],[74.218,21.457],[74.181,21.466],[74.116,21.448],[74.052,21.454],[74.042,21.417],[73.956,21.392],[73.943,21.296],[73.886,21.261],[73.826,21.266],[73.814,21.221],[73.816,21.171],[73.735,21.166],[73.629,21.132],[73.737,21.081],[73.792,21.067],[73.796,21.045],[73.844,21],[73.851,20.997],[73.884,21.028],[73.96,21.044],[73.951,21.086],[74.02,21.144],[74.069,21.127],[74.058,21.171],[74.12,21.214],[74.182,21.21],[74.22,21.238],[74.272,21.249],[74.343,21.229],[74.36,21.253],[74.43,21.263],[74.447,21.237],[74.492,21.24],[74.498,21.29],[74.479,21.353],[74.509,21.39],[74.521,21.429],[74.573,21.403],[74.609,21.415],[74.639,21.399],[74.686,21.403],[74.699,21.47],[74.752,21.476],[74.757,21.572],[74.772,21.614]]]},"properties":{"code":"D497","name":"Nandurbar","state":"MH"}},
{"type":"Feature","geometry":{"type":"Polygon","coordinates":[[[74.815,20.634],[74.806,20.657],[74.738,20.668],[74.71,20.689],[74.651,20.695],[74.661,20.737],[74.622,20.798],[74.548,20.827],[74.422,20.805],[74.388,20.835],[74.34,20.851],[74.316,20.842],[74.126,20.865],[74.048,20.836],[73.939,20.839],[73.934,20.768],[73.915,20.723],[73.882,20.73],[73.836,20.701],[73.84,20.623],[73.78,20.602],[73.741,20.567],[73.694,20.578],[73.658,20.562],[73.629,20.579],[73.615,20.625],[73.555,20.647],[73.489,20.686],[73.467,20.721],[73.408,20.626],[73.432,20.595],[73.473,20.583],[73.468,20.495],[73.441,20.466],[73.406,20.381],[73.428,20.282],[73.412,20.257],[73.418,20.201],[73.367,20.195],[73.302,20.207],[73.284,20.154],[73.25,20.125],[73.272,20.105],[73.266,20.061],[73.296,20.06],[73.364,20.021],[73.406,20.017],[73.453,19.982],[73.424,19.916],[73.462,19.759],[73.501,19.759],[73.52,19.702],[73.567,19.621],[73.62,19.587],[73.664,19.586],[73.713,19.614],[73.78,19.636],[73.781,19.656],[73.843,19.741],[73.901,19.741],[73.916,19.682],[74.071,19.66],[74.121,19.644],[74.164,19.725],[74.246,19.744],[74.276,19.776],[74.319,19.767],[74.334,19.799],[74.366,19.802],[74.365,19.871],[74.278,19.908],[74.25,19.937],[74.32,19.985],[74.48,19.966],[74.531,19.975],[74.574,19.955],[74.673,19.947],[74.685,19.989],[74.738,20.082],[74.715,20.135],[74.723,20.187],[74.764,20.183],[74.816,20.244],[74.859,20.227],[74.856,20.177],[74.899,20.177],[74.924,20.154],[74.935,20.27],[74.87,20.277],[74.867,20.316],[74.838,20.417],[74.774,20.471],[74.762,20.539],[74.796,20.539],[74.815,20.634]]]},"properties":{"code":"D516","name":"Nashik","state":"MH"}},
{"type":"Feature","geometry":{"type":"Polygon","coordinates":[[[84.852,20.528],[84.794,20.581],[84.777,20.536],[84.745,20.54],[84.7,20.499],[84.692,20.442],[84.664,20.426],[84.622,20.434],[84.513,20.398],[84.52,20.372],[84.489,20.339],[84.546,20.322],[84.547,20.244],[84.577,20.206],[84.585,20.191],[84.634,20.194],[84.697,20.281],[84.744,20.245],[84.829,20.223],[84.811,20.07],[84.857,20.03],[84.863,20],[84.902,19.993],[84.924,19.941],[84.906,19.914],[84.94,19.897],[85.01,19.9],[85.128,19.933],[85.167,19.904],[85.245,19.905],[85.321,19.926],[85.364,19.958],[85.422,19.927],[85.454,19.964],[85.422,20.024],[85.381,20.072],[85.415,20.128],[85.356,20.145],[85.358,20.188],[85.271,20.146],[85.245,20.124],[85.214,20.132],[85.202,20.19],[85.227,20.223],[85.324,20.231],[85.335,20.28],[85.356,20.302],[85.342,20.357],[85.16,20.378],[85.118,20.406],[85.077,20.416],[84.946,20.492],[84.894,20.496],[84.852,20.528]]]},"properties":{"code":"D385","name":"Nayagarh","state":"OD"}},
{"type":"Feature","geometry":{"type":"Polygon","coordinates":[[[93.073,25.775],[93.02,25.796],[92.972,25.79],[92.933,25.803],[92.922,25.771],[92.822,25.74],[92.813,25.702],[92.751,25.6],[92.703,25.6],[92.662,25.579],[92.646,25.535],[92.582,25.493],[92.608,25.416],[92.651,25.429],[92.761,25.333],[92.785,25.33],[92.793,25.284],[92.77,25.266],[92.78,25.2],[92.747,25.205],[92.677,25.18],[92.622,25.115],[92.582,25.13],[92.543,25.097],[92.644,25.117],[92.702,25.109],[92.757,25.139],[92.784,25.087],[92.841,25.053],[92.902,25.079],[92.946,25.07],[92.962,25.088],[93.019,25.095],[93.018,25.061],[93.072,24.997],[93.171,24.997],[93.252,24.972],[93.248,25.015],[93.296,25.044],[93.335,25.092],[93.353,25.178],[93.403,25.259],[93.474,25.305],[93.452,25.34],[93.478,25.376],[93.457,25.438],[93.39,25.465],[93.39,25.482],[93.332,25.543],[93.307,25.529],[93.201,25.557],[93.173,25.595],[93.192,25.625],[93.133,25.684],[93.145,25.713],[93.148,25.737],[93.109,25.774],[93.073,25.775]]]},"properties":{"code":"D315","name":"Dima Hasao","state":"AS"}},
{"type":"Feature","geometry":{"type":"Polygon","coordinates":[[[82.703,20.726],[82.692,20.773],[82.686,20.884],[82.701,20.94],[82.694,21.022],[82.661,21.076],[82.639,21.09],[82.63,21.04],[82.56,20.945],[82.491,20.903],[82.485,20.85],[82.423,20.83],[82.409,20.866],[82.349,20.873],[82.34,20.823],[82.351,20.702],[82.375,20.633],[82.331,20.558],[82.388,20.514],[82.396,20.456],[82.437,20.43],[82.417,20.407],[82.401,20.34],[82.43,20.314],[82.413,20.268],[82.421,20.207],[82.386,20.149],[82.403,20.054],[82.551,20.017],[82.59,19.995],[82.658,20.004],[82.705,19.998],[82.739,20.024],[82.79,20.102],[82.812,20.099],[82.825,20.166],[82.849,20.196],[82.862,20.27],[82.814,20.295],[82.823,20.322],[82.806,20.384],[82.765,20.354],[82.732,20.384],[82.687,20.45],[82.707,20.5],[82.716,20.57],[82.743,20.623],[82.703,20.726]]]},"properties":{"code":"D394","name":"Nuapada","state":"OD"}},
{"type":"Feature","geometry":{"type":"Polygon","coordinates":[[[76.277,18.557],[76.254,18.577],[76.099,18.588],[76.052,18.575],[75.994,18.62],[75.916,18.65],[75.863,18.65],[75.825,18.671],[75.783,18.662],[75.673,18.69],[75.666,18.65],[75.621,18.661],[75.587,18.697],[75.491,18.626],[75.452,18.589],[75.423,18.535],[75.346,18.562],[75.314,18.519],[75.301,18.503],[75.302,18.429],[75.285,18.412],[75.36,18.37],[75.429,18.264],[75.429,18.181],[75.468,18.162],[75.551,18.145],[75.554,18.197],[75.575,18.24],[75.63,18.245],[75.619,18.274],[75.655,18.333],[75.69,18.324],[75.732,18.361],[75.711,18.393],[75.728,18.434],[75.764,18.44],[75.799,18.384],[75.884,18.366],[75.924,18.302],[75.927,18.261],[75.96,18.161],[75.942,18.125],[75.962,18.09],[76.016,18.04],[75.997,17.993],[75.913,17.978],[75.907,18.004],[75.857,18.01],[75.839,17.978],[75.845,17.892],[75.876,17.846],[75.92,17.832],[75.94,17.852],[76.018,17.829],[76.003,17.754],[76.096,17.779],[76.146,17.754],[76.15,17.699],[76.19,17.682],[76.24,17.698],[76.271,17.728],[76.299,17.729],[76.319,17.697],[76.379,17.686],[76.381,17.66],[76.43,17.646],[76.486,17.671],[76.487,17.715],[76.525,17.717],[76.525,17.76],[76.605,17.757],[76.692,17.682],[76.694,17.707],[76.741,17.781],[76.778,17.801],[76.79,17.828],[76.739,17.859],[76.742,17.9],[76.676,17.922],[76.69,17.97],[76.677,17.997],[76.625,18],[76.597,18.033],[76.548,18.024],[76.428,18.03],[76.382,18.089],[76.331,18.074],[76.277,18.139],[76.302,18.23],[76.287,18.248],[76.316,18.282],[76.319,18.329],[76.208,18.388],[76.226,18.429],[76.272,18.42],[76.255,18.519],[76.277,18.557]]]},"properties":{"code":"D525","name":"Osmanabad","state":"MH"}},
{"type":"Feature","geometry":{"type":"Polygon","coordinates":[[[74.291,26.449],[74.238,26.461],[74.175,26.421],[74.099,26.446],[74.07,26.423],[73.958,26.419],[73.873,26.43],[73.814,26.349],[73.814,26.287],[73.79,26.236],[73.805,26.207],[73.786,26.164],[73.81,26.127],[73.806,26.1],[73.724,26.109],[73.696,26.064],[73.65,26.078],[73.653,26.126],[73.629,26.147],[73.577,26.116],[73.523,26.103],[73.529,26.064],[73.466,26.085],[73.431,26.13],[73.377,26.156],[73.341,26.117],[73.359,26.075],[73.316,26.034],[73.275,26.043],[73.207,26.077],[73.178,26.054],[73.059,26.012],[73.05,25.968],[72.974,25.935],[72.958,25.902],[72.842,25.891],[72.834,25.863],[72.849,25.842],[72.778,25.802],[72.812,25.774],[72.889,25.735],[72.889,25.695],[72.916,25.683],[72.935,25.639],[73.056,25.56],[73.058,25.508],[73.097,25.468],[73.05,25.4],[73.007,25.369],[72.972,25.371],[72.998,25.289],[72.993,25.257],[72.94,25.244],[72.973,25.193],[72.955,25.142],[72.999,25.144],[73.001,25.101],[73.05,25.104],[73.057,25.159],[73.119,25.108],[73.131,25.065],[73.108,25.037],[73.048,25.005],[73.008,24.922],[73.028,24.888],[73.102,24.845],[73.143,24.843],[73.163,24.781],[73.145,24.758],[73.231,24.794],[73.239,24.83],[73.328,24.909],[73.346,24.961],[73.33,24.977],[73.392,25.066],[73.423,25.09],[73.462,25.089],[73.503,25.118],[73.5,25.126],[73.601,25.203],[73.612,25.286],[73.669,25.346],[73.734,25.382],[73.779,25.482],[73.807,25.511],[73.865,25.651],[73.906,25.685],[73.907,25.74],[73.932,25.77],[73.944,25.831],[74.009,25.863],[74.056,25.829],[74.117,25.866],[74.16,25.929],[74.131,25.963],[74.183,26.029],[74.221,26.042],[74.288,26.121],[74.303,26.185],[74.377,26.206],[74.365,26.291],[74.311,26.252],[74.254,26.286],[74.304,26.329],[74.305,26.383],[74.291,26.449]]]},"properties":{"code":"D118","name":"Pali","state":"RJ"}},
{"type":"Feature","geometry":{"type":"Polygon","coordinates":[[[76.647,19.866],[76.623,19.843],[76.533,19.85],[76.494,19.76],[76.488,19.677],[76.454,19.667],[76.443,19.541],[76.396,19.531],[76.366,19.468],[76.315,19.464],[76.291,19.432],[76.285,19.366],[76.265,19.334],[76.213,19.318],[76.209,19.278],[76.227,19.241],[76.312,19.261],[76.365,19.234],[76.353,19.193],[76.361,19.156],[76.321,19.114],[76.355,19.103],[76.378,19.131],[76.412,19.092],[76.439,19.088],[76.456,19.008],[76.479,19.001],[76.479,18.956],[76.511,18.927],[76.54,18.949],[76.584,18.945],[76.585,18.883],[76.623,18.869],[76.648,18.822],[76.667,18.819],[76.676,18.761],[76.727,18.749],[76.746,18.774],[76.816,18.799],[76.885,18.835],[76.995,18.827],[77.019,18.843],[77.013,18.878],[76.957,18.874],[76.951,18.907],[77.021,18.934],[77.055,18.988],[77.063,19.067],[77.104,19.104],[77.088,19.172],[77.038,19.201],[77.051,19.23],[77.013,19.252],[76.921,19.256],[76.932,19.297],[76.893,19.311],[76.896,19.378],[76.92,19.413],[76.969,19.545],[76.943,19.622],[76.903,19.644],[76.857,19.645],[76.851,19.704],[76.785,19.701],[76.76,19.684],[76.734,19.716],[76.714,19.771],[76.688,19.781],[76.706,19.836],[76.679,19.846],[76.647,19.866]]]},"properties":{"code":"D513","name":"Parbhani","state":"MH"}},
{"type":"Feature","geometry":{"type":"Polygon","coordinates":[[[80.07,28.829],[80.052,28.777],[80,28.711],[79.941,28.72],[79.924,28.759],[79.852,28.803],[79.836,28.839],[79.786,28.886],[79.721,28.873],[79.678,28.842],[79.643,28.853],[79.673,28.743],[79.629,28.709],[79.6,28.616],[79.676,28.583],[79.685,28.529],[79.747,28.507],[79.744,28.466],[79.701,28.376],[79.678,28.306],[79.685,28.263],[79.728,28.219],[79.714,28.205],[79.782,28.16],[79.84,28.209],[79.937,28.116],[79.965,28.168],[79.942,28.311],[80.015,28.358],[80.072,28.332],[80.108,28.383],[80.144,28.387],[80.172,28.352],[80.252,28.408],[80.246,28.455],[80.301,28.453],[80.324,28.481],[80.359,28.461],[80.419,28.481],[80.433,28.503],[80.372,28.595],[80.304,28.617],[80.329,28.674],[80.282,28.709],[80.248,28.758],[80.199,28.766],[80.133,28.822],[80.07,28.829]]]},"properties":{"code":"D151","name":"Pilibhit","state":"UP"}},
{"type":"Feature","geometry":{"type":"Polygon","coordinates":[[[74.773,23.54],[74.802,23.531],[74.851,23.554],[74.886,23.603],[74.94,23.627],[74.924,23.665],[74.924,23.716],[74.94,23.763],[74.91,23.798],[74.905,23.865],[74.915,23.909],[74.964,23.97],[74.993,24.026],[74.96,24.107],[74.901,24.171],[74.881,24.213],[74.905,24.243],[74.876,24.275],[74.767,24.27],[74.755,24.276],[74.784,24.314],[74.785,24.364],[74.858,24.448],[74.815,24.489],[74.78,24.48],[74.716,24.505],[74.714,24.506],[74.707,24.501],[74.691,24.492],[74.673,24.488],[74.611,24.475],[74.591,24.493],[74.543,24.479],[74.536,24.402],[74.506,24.378],[74.521,24.315],[74.511,24.279],[74.482,24.261],[74.468,24.222],[74.417,24.245],[74.415,24.292],[74.398,24.303],[74.398,24.296],[74.391,24.285],[74.394,24.268],[74.384,24.235],[74.36,24.193],[74.374,24.162],[74.432,24.116],[74.422,24.068],[74.38,24.071],[74.36,24.092],[74.328,24.048],[74.336,24.002],[74.325,23.937],[74.326,23.936],[74.367,23.933],[74.384,23.906],[74.434,23.906],[74.48,23.924],[74.526,23.883],[74.513,23.844],[74.551,23.826],[74.557,23.742],[74.528,23.734],[74.532,23.673],[74.52,23.637],[74.599,23.63],[74.643,23.641],[74.672,23.666],[74.722,23.615],[74.773,23.589],[74.773,23.54]]]},"properties":{"code":"D131","name":"Pratapgarh","state":"RJ"}},
{"type":"Feature","geometry":{"type":"Polygon","coordinates":[[[82.432,26.009],[82.378,26.031],[82.357,26.007],[82.32,26.04],[82.248,26.057],[82.203,26.015],[82.187,26.041],[82.106,26.075],[82.067,26.052],[81.965,26.078],[81.933,26.052],[81.885,26.08],[81.862,26.046],[81.787,26.026],[81.77,26.068],[81.685,26.117],[81.619,26.178],[81.612,26.152],[81.541,26.119],[81.564,26.064],[81.559,26.001],[81.572,25.973],[81.435,25.919],[81.412,25.896],[81.335,25.87],[81.337,25.81],[81.405,25.747],[81.369,25.712],[81.467,25.635],[81.531,25.619],[81.569,25.568],[81.614,25.593],[81.613,25.609],[81.607,25.613],[81.611,25.619],[81.639,25.63],[81.651,25.617],[81.66,25.612],[81.724,25.644],[81.751,25.669],[81.755,25.734],[81.806,25.749],[81.843,25.725],[81.918,25.714],[81.946,25.74],[82.013,25.746],[82.027,25.709],[82.063,25.659],[82.111,25.654],[82.119,25.659],[82.125,25.663],[82.124,25.681],[82.144,25.684],[82.152,25.682],[82.156,25.682],[82.156,25.679],[82.197,25.739],[82.177,25.82],[82.218,25.838],[82.256,25.832],[82.289,25.859],[82.296,25.892],[82.376,25.913],[82.35,25.962],[82.369,25.979],[82.426,25.981],[82.432,26.009]]]},"properties":{"code":"D173","name":"Pratapgarh","state":"UP"}},
{"type":"Feature","geometry":{"type":"Polygon","coordinates":[[[74.834,18.339],[74.794,18.355],[74.808,18.386],[74.784,18.406],[74.735,18.398],[74.715,18.43],[74.727,18.48],[74.701,18.506],[74.664,18.489],[74.644,18.45],[74.58,18.473],[74.55,18.514],[74.573,18.532],[74.544,18.583],[74.476,18.648],[74.476,18.689],[74.425,18.749],[74.4,18.741],[74.386,18.808],[74.397,18.83],[74.311,18.853],[74.294,18.903],[74.223,18.976],[74.215,19.007],[74.175,19.042],[74.211,19.125],[74.236,19.123],[74.271,19.186],[74.229,19.205],[74.085,19.231],[74.027,19.269],[74.028,19.31],[74,19.358],[73.931,19.341],[73.884,19.376],[73.857,19.359],[73.801,19.395],[73.782,19.386],[73.798,19.336],[73.716,19.327],[73.674,19.303],[73.69,19.244],[73.665,19.24],[73.609,19.189],[73.539,19.174],[73.527,19.129],[73.524,19.058],[73.547,19.018],[73.512,18.972],[73.462,18.966],[73.458,18.929],[73.428,18.863],[73.387,18.847],[73.352,18.723],[73.385,18.693],[73.389,18.654],[73.331,18.595],[73.324,18.559],[73.387,18.502],[73.402,18.4],[73.444,18.36],[73.424,18.305],[73.473,18.301],[73.48,18.271],[73.532,18.247],[73.529,18.218],[73.582,18.179],[73.599,18.189],[73.654,18.173],[73.597,18.106],[73.613,18.058],[73.659,18.028],[73.706,18.048],[73.792,18.022],[73.858,18.032],[73.873,18.053],[73.902,18.161],[73.946,18.181],[73.978,18.155],[74.077,18.121],[74.118,18.13],[74.163,18.106],[74.241,18.097],[74.303,18.069],[74.358,18.096],[74.376,18.074],[74.433,18.065],[74.464,18.047],[74.493,18.059],[74.569,18.056],[74.641,18.045],[74.665,18.069],[74.71,18.029],[74.864,17.991],[74.867,17.951],[74.917,17.945],[74.943,17.925],[75.018,17.907],[75.072,17.914],[75.115,17.937],[75.135,17.97],[75.025,17.981],[75.091,18.064],[75.13,18.075],[75.158,18.121],[75.094,18.122],[75.11,18.214],[75.082,18.218],[75.022,18.187],[74.986,18.241],[74.951,18.263],[74.833,18.246],[74.797,18.279],[74.842,18.296],[74.834,18.339]]]},"properties":{"code":"D521","name":"Pune","state":"MH"}},
{"type":"Feature","geometry":{"type":"Polygon","coordinates":[[[86.083,20.106],[85.989,20.111],[85.904,20.123],[85.889,20.176],[85.868,20.19],[85.827,20.158],[85.725,20.143],[85.689,20.149],[85.68,20.072],[85.624,20.066],[85.631,20.025],[85.611,20.001],[85.566,20.012],[85.57,19.969],[85.51,19.946],[85.567,19.917],[85.536,19.886],[85.429,19.893],[85.328,19.801],[85.253,19.781],[85.244,19.748],[85.195,19.718],[85.184,19.675],[85.177,19.558],[85.139,19.524],[85.178,19.464],[85.214,19.494],[85.351,19.584],[85.445,19.632],[85.563,19.682],[85.696,19.751],[85.898,19.817],[86.045,19.841],[86.229,19.895],[86.299,19.934],[86.367,19.948],[86.368,19.975],[86.282,20.055],[86.226,20.038],[86.189,20.053],[86.154,20.042],[86.077,20.082],[86.083,20.106]]]},"properties":{"code":"D387","name":"Puri","state":"OD"}},
{"type":"Feature","geometry":{"type":"Polygon","coordinates":[[[81.542,26.521],[81.49,26.539],[81.462,26.571],[81.417,26.564],[81.383,26.587],[81.357,26.546],[81.316,26.539],[81.283,26.57],[81.19,26.604],[81.166,26.593],[81.127,26.56],[81.104,26.562],[81.078,26.523],[81.045,26.502],[81,26.535],[81.003,26.49],[80.985,26.473],[81.026,26.403],[81.038,26.361],[81,26.345],[80.999,26.314],[80.952,26.307],[80.939,26.357],[80.901,26.35],[80.846,26.371],[80.832,26.349],[80.888,26.292],[80.812,26.208],[80.732,26.176],[80.676,26.121],[80.708,26.087],[80.761,26.073],[80.811,26.033],[80.852,26.036],[80.94,26.066],[81.019,26.063],[81.072,25.997],[81.116,25.955],[81.217,25.926],[81.221,25.874],[81.297,25.844],[81.337,25.81],[81.335,25.87],[81.412,25.896],[81.435,25.919],[81.572,25.973],[81.559,26.001],[81.564,26.064],[81.541,26.119],[81.612,26.152],[81.619,26.178],[81.594,26.221],[81.584,26.276],[81.555,26.309],[81.566,26.384],[81.547,26.424],[81.571,26.449],[81.542,26.521]]]},"properties":{"code":"D158","name":"Rae Bareli","state":"UP"}},
{"type":"Feature","geometry":{"type":"Polygon","coordinates":[[[77.289,16.407],[77.171,16.435],[77.145,16.478],[77.115,16.482],[77.059,16.518],[77.027,16.502],[77.011,16.545],[76.972,16.553],[76.97,16.505],[76.912,16.486],[76.883,16.493],[76.848,16.433],[76.747,16.412],[76.605,16.339],[76.58,16.34],[76.515,16.299],[76.479,16.29],[76.407,16.235],[76.329,16.191],[76.298,16.182],[76.282,16.15],[76.241,16.165],[76.246,16.111],[76.303,16.073],[76.312,15.997],[76.302,15.969],[76.328,15.931],[76.286,15.901],[76.309,15.892],[76.357,15.906],[76.428,15.888],[76.451,15.851],[76.44,15.784],[76.444,15.736],[76.532,15.699],[76.588,15.697],[76.6,15.673],[76.654,15.665],[76.693,15.645],[76.69,15.594],[76.748,15.59],[76.775,15.557],[76.814,15.547],[76.836,15.561],[76.834,15.616],[76.874,15.665],[76.919,15.7],[76.928,15.735],[77.028,15.834],[77.081,15.914],[77.147,15.945],[77.253,15.962],[77.358,15.948],[77.431,15.947],[77.514,15.926],[77.515,16.007],[77.496,16.035],[77.508,16.078],[77.491,16.12],[77.5,16.192],[77.492,16.254],[77.596,16.317],[77.589,16.333],[77.523,16.375],[77.486,16.382],[77.416,16.367],[77.289,16.407]]]},"properties":{"code":"D559","name":"Raichur","state":"KA"}},
{"type":"Feature","geometry":{"type":"Polygon","coordinates":[[[73.527,19.129],[73.473,19.135],[73.35,19.129],[73.247,19.064],[73.195,19.125],[73.177,19.109],[73.047,19.098],[73.046,19.017],[73.009,18.987],[72.959,18.987],[72.897,18.979],[72.914,18.951],[72.87,18.911],[72.84,18.845],[72.865,18.804],[72.853,18.693],[72.868,18.62],[72.908,18.579],[72.91,18.501],[72.892,18.459],[72.913,18.359],[72.962,18.316],[72.933,18.281],[72.94,18.232],[72.976,18.199],[72.986,18.158],[72.971,18.129],[73.012,18.046],[73.008,18.014],[73.028,17.964],[73.069,17.987],[73.116,17.978],[73.135,18.016],[73.178,18.06],[73.224,18.054],[73.266,18.069],[73.297,18.058],[73.305,18.023],[73.347,18.025],[73.344,17.972],[73.378,17.912],[73.409,17.885],[73.438,17.901],[73.463,17.865],[73.509,17.853],[73.535,17.883],[73.57,17.877],[73.547,17.904],[73.636,17.968],[73.626,17.985],[73.659,18.028],[73.613,18.058],[73.597,18.106],[73.654,18.173],[73.599,18.189],[73.582,18.179],[73.529,18.218],[73.532,18.247],[73.48,18.271],[73.473,18.301],[73.424,18.305],[73.444,18.36],[73.402,18.4],[73.387,18.502],[73.324,18.559],[73.331,18.595],[73.389,18.654],[73.385,18.693],[73.352,18.723],[73.387,18.847],[73.428,18.863],[73.458,18.929],[73.462,18.966],[73.512,18.972],[73.547,19.018],[73.524,19.058],[73.527,19.129]]]},"properties":{"code":"D520","name":"Raigarh","state":"MH"}},
{"type":"Feature","geometry":{"type":"MultiPolygon","coordinates":[[[[74.184,25.848],[74.117,25.866],[74.056,25.829],[74.093,25.767],[74.017,25.747],[74.013,25.704],[73.949,25.651],[73.906,25.685],[73.865,25.651],[73.807,25.511],[73.779,25.482],[73.734,25.382],[73.669,25.346],[73.612,25.286],[73.601,25.203],[73.5,25.126],[73.503,25.118],[73.501,25.054],[73.523,25.031],[73.507,24.976],[73.562,24.934],[73.569,24.88],[73.612,24.775],[73.703,24.789],[73.756,24.739],[73.796,24.745],[73.855,24.887],[73.931,24.881],[73.958,24.854],[74.002,24.892],[74.045,24.833],[74.122,24.852],[74.188,24.93],[74.2,24.979],[74.228,24.995],[74.271,24.992],[74.32,25.032],[74.259,25.065],[74.217,25.048],[74.189,25.06],[74.165,25.127],[74.08,25.149],[74.123,25.242],[74.05,25.236],[74.027,25.272],[74.032,25.385],[74.022,25.432],[74.045,25.499],[74.098,25.515],[74.066,25.58],[74.105,25.592],[74.117,25.636],[74.094,25.673],[74.098,25.716],[74.196,25.739],[74.207,25.774],[74.184,25.848]]],[[[74.389,25.962],[74.391,26.005],[74.346,26.023],[74.293,25.981],[74.29,25.938],[74.232,25.934],[74.268,25.871],[74.346,25.903],[74.328,25.93],[74.389,25.962]]],[[[74.258,25.867],[74.222,25.898],[74.197,25.854],[74.225,25.843],[74.258,25.867]]]]},"properties":{"code":"D123","name":"Rajsamand","state":"RJ"}},
{"type":"Feature","geometry":{"type":"Polygon","coordinates":[[[77.205,13.184],[77.157,13.191],[77.073,13.124],[77.084,13.087],[77.073,13.046],[77.138,12.995],[77.169,12.93],[77.144,12.915],[77.133,12.858],[77.157,12.825],[77.15,12.783],[77.1,12.774],[77.081,12.746],[77.077,12.678],[77.1,12.667],[77.115,12.553],[77.148,12.462],[77.167,12.482],[77.214,12.486],[77.27,12.465],[77.287,12.392],[77.315,12.39],[77.334,12.353],[77.323,12.307],[77.341,12.283],[77.436,12.282],[77.473,12.245],[77.48,12.271],[77.529,12.278],[77.566,12.306],[77.614,12.363],[77.635,12.486],[77.588,12.516],[77.58,12.567],[77.599,12.657],[77.618,12.706],[77.478,12.754],[77.467,12.809],[77.413,12.876],[77.378,12.853],[77.349,12.867],[77.345,12.937],[77.331,12.973],[77.31,13.103],[77.271,13.132],[77.224,13.149],[77.205,13.184]]]},"properties":{"code":"D584","name":"Ramanagara","state":"KA"}},
{"type":"Feature","geometry":{"type":"Polygon","coordinates":[[[79.407,28.879],[79.413,28.926],[79.291,28.959],[79.147,29.076],[79.154,29.114],[79.085,29.146],[79.025,29.143],[78.973,29.156],[78.97,29.123],[78.935,29.079],[78.95,29.033],[78.892,28.974],[78.902,28.948],[78.888,28.898],[78.938,28.855],[78.976,28.763],[78.946,28.713],[78.879,28.69],[78.839,28.66],[78.905,28.603],[78.938,28.563],[78.941,28.517],[78.92,28.479],[79,28.385],[79,28.431],[79.038,28.438],[79.078,28.483],[79.14,28.49],[79.183,28.557],[79.222,28.572],[79.239,28.639],[79.286,28.68],[79.304,28.719],[79.388,28.757],[79.385,28.794],[79.407,28.837],[79.407,28.879]]]},"properties":{"code":"D136","name":"Rampur","state":"UP"}},
{"type":"Feature","geometry":{"type":"Polygon","coordinates":[[[73.57,17.877],[73.535,17.883],[73.509,17.853],[73.463,17.865],[73.438,17.901],[73.409,17.885],[73.378,17.912],[73.344,17.972],[73.347,18.025],[73.305,18.023],[73.297,18.058],[73.266,18.069],[73.224,18.054],[73.178,18.06],[73.135,18.016],[73.116,17.978],[73.069,17.987],[73.028,17.964],[73.076,17.878],[73.098,17.808],[73.138,17.719],[73.117,17.693],[73.145,17.604],[73.145,17.549],[73.184,17.508],[73.195,17.464],[73.188,17.384],[73.219,17.371],[73.243,17.32],[73.22,17.275],[73.282,17.111],[73.294,17.056],[73.282,17.014],[73.295,16.975],[73.282,16.893],[73.293,16.834],[73.318,16.797],[73.304,16.743],[73.327,16.675],[73.32,16.599],[73.341,16.561],[73.366,16.516],[73.465,16.493],[73.489,16.515],[73.541,16.515],[73.581,16.543],[73.661,16.576],[73.69,16.624],[73.768,16.603],[73.768,16.66],[73.854,16.65],[73.866,16.67],[73.825,16.716],[73.841,16.739],[73.792,16.763],[73.753,16.813],[73.769,16.854],[73.748,16.905],[73.793,16.912],[73.766,16.963],[73.788,16.993],[73.834,16.991],[73.823,17.038],[73.789,17.093],[73.689,17.158],[73.709,17.17],[73.719,17.202],[73.696,17.263],[73.682,17.363],[73.661,17.376],[73.708,17.466],[73.696,17.488],[73.742,17.531],[73.742,17.56],[73.703,17.658],[73.657,17.699],[73.566,17.722],[73.603,17.795],[73.57,17.877]]]},"properties":{"code":"D528","name":"Ratnagiri","state":"MH"}},
{"type":"Feature","geometry":{"type":"Polygon","coordinates":[[[83.496,19.96],[83.494,19.959],[83.485,19.961],[83.481,19.964],[83.475,19.964],[83.452,19.973],[83.449,19.969],[83.443,19.933],[83.409,19.923],[83.427,19.844],[83.454,19.788],[83.456,19.74],[83.415,19.684],[83.386,19.667],[83.373,19.62],[83.333,19.596],[83.267,19.599],[83.264,19.552],[83.245,19.506],[83.168,19.432],[83.135,19.509],[83.122,19.501],[83.074,19.562],[83.047,19.557],[83.027,19.512],[83,19.498],[82.992,19.447],[82.939,19.45],[82.937,19.408],[82.958,19.325],[82.919,19.305],[82.891,19.254],[82.902,19.229],[82.886,19.19],[82.882,19.188],[82.879,19.184],[82.951,19.155],[82.981,19.153],[83.031,19.08],[83.032,19.057],[83.064,19.044],[83.069,19.047],[83.071,19.049],[83.07,19.065],[83.076,19.081],[83.138,19.137],[83.186,19.114],[83.199,19.164],[83.25,19.163],[83.244,19.126],[83.208,19.13],[83.189,19.093],[83.19,19.015],[83.207,18.976],[83.242,18.973],[83.239,19.023],[83.26,19.035],[83.277,19.114],[83.341,19.101],[83.351,19.029],[83.348,19.017],[83.349,19.017],[83.354,19.018],[83.363,19.017],[83.37,19.003],[83.417,19.004],[83.45,18.956],[83.482,19.008],[83.467,19.077],[83.475,19.078],[83.485,19.083],[83.513,19.073],[83.521,19.033],[83.612,19.101],[83.627,19.15],[83.692,19.052],[83.713,18.993],[83.734,18.984],[83.754,18.927],[83.778,18.91],[83.749,18.992],[83.796,19.016],[83.814,19.031],[83.863,18.979],[83.898,18.984],[83.913,19.017],[83.952,18.989],[83.988,19.02],[83.966,19.043],[84.014,19.093],[84.024,19.141],[83.987,19.159],[83.984,19.205],[84.022,19.285],[84.03,19.345],[84.017,19.374],[83.947,19.398],[83.944,19.42],[83.979,19.485],[83.977,19.53],[83.936,19.566],[83.927,19.63],[83.943,19.635],[83.921,19.679],[83.874,19.674],[83.844,19.71],[83.814,19.717],[83.809,19.717],[83.793,19.712],[83.781,19.712],[83.773,19.714],[83.769,19.713],[83.768,19.708],[83.761,19.675],[83.751,19.666],[83.744,19.658],[83.741,19.655],[83.734,19.654],[83.729,19.659],[83.724,19.668],[83.701,19.686],[83.638,19.672],[83.645,19.704],[83.628,19.743],[83.62,19.815],[83.545,19.843],[83.528,19.874],[83.562,19.925],[83.496,19.96]]]},"properties":{"code":"D396","name":"Rayagada","state":"OD"}},
{"type":"Feature","geometry":{"type":"Polygon","coordinates":[[[77.945,30.242],[77.826,30.286],[77.724,30.334],[77.687,30.38],[77.649,30.405],[77.576,30.4],[77.588,30.38],[77.605,30.366],[77.583,30.306],[77.545,30.282],[77.486,30.184],[77.436,30.164],[77.413,30.108],[77.344,30.06],[77.283,30.044],[77.263,29.984],[77.223,29.936],[77.192,29.897],[77.194,29.868],[77.164,29.788],[77.125,29.744],[77.144,29.695],[77.203,29.68],[77.3,29.671],[77.342,29.645],[77.391,29.646],[77.446,29.67],[77.489,29.632],[77.625,29.613],[77.666,29.574],[77.697,29.614],[77.744,29.604],[77.823,29.667],[77.77,29.711],[77.777,29.78],[77.742,29.848],[77.716,29.862],[77.745,29.908],[77.731,29.928],[77.771,30.041],[77.799,30.095],[77.833,30.088],[77.909,30.181],[77.945,30.242]]]},"properties":{"code":"D132","name":"Saharanpur","state":"UP"}},
{"type":"Feature","geometry":{"type":"Polygon","coordinates":[[[84.68,21.735],[84.655,21.767],[84.594,21.758],[84.529,21.813],[84.539,21.86],[84.523,21.923],[84.529,21.974],[84.504,21.978],[84.514,22.053],[84.478,22.189],[84.421,22.172],[84.279,22.108],[84.267,22.076],[84.27,22.014],[84.296,22.032],[84.358,22.037],[84.389,22.024],[84.393,21.992],[84.297,21.796],[84.287,21.762],[84.247,21.769],[84.19,21.754],[84.115,21.789],[84.039,21.759],[83.969,21.755],[83.949,21.72],[83.969,21.691],[83.981,21.595],[83.964,21.571],[83.886,21.575],[83.815,21.591],[83.8,21.566],[83.847,21.527],[83.887,21.439],[83.85,21.416],[83.881,21.39],[83.872,21.311],[83.913,21.246],[83.896,21.178],[83.986,21.135],[83.991,21.079],[84.048,21.044],[84.071,21.051],[84.148,21.036],[84.161,20.976],[84.195,20.977],[84.242,20.926],[84.283,20.927],[84.407,20.979],[84.416,21.002],[84.485,21.083],[84.535,21.089],[84.572,21.066],[84.671,21.086],[84.686,21.149],[84.726,21.149],[84.745,21.171],[84.728,21.224],[84.761,21.233],[84.766,21.272],[84.717,21.315],[84.666,21.312],[84.632,21.276],[84.574,21.262],[84.57,21.321],[84.538,21.381],[84.5,21.363],[84.482,21.424],[84.512,21.559],[84.553,21.592],[84.491,21.638],[84.513,21.683],[84.538,21.676],[84.579,21.7],[84.628,21.695],[84.652,21.74],[84.68,21.735]]]},"properties":{"code":"D372","name":"Sambalpur","state":"OD"}},
{"type":"Feature","geometry":{"type":"Polygon","coordinates":[[[75.604,17.305],[75.564,17.288],[75.515,17.239],[75.422,17.265],[75.403,17.211],[75.367,17.191],[75.362,17.236],[75.289,17.215],[75.269,17.183],[75.225,17.183],[75.248,17.255],[75.192,17.266],[75.175,17.239],[75.099,17.243],[75.08,17.222],[75.017,17.225],[74.966,17.194],[74.926,17.145],[74.907,17.174],[74.867,17.195],[74.914,17.275],[74.962,17.293],[74.971,17.344],[75.007,17.368],[75.007,17.41],[75.034,17.42],[75.041,17.474],[75.028,17.494],[74.985,17.466],[74.941,17.513],[74.989,17.542],[74.926,17.575],[74.906,17.627],[74.859,17.556],[74.861,17.506],[74.81,17.452],[74.756,17.474],[74.69,17.485],[74.7,17.455],[74.695,17.391],[74.645,17.395],[74.611,17.442],[74.579,17.411],[74.535,17.416],[74.495,17.383],[74.298,17.421],[74.262,17.384],[74.289,17.352],[74.294,17.315],[74.257,17.293],[74.279,17.172],[74.248,17.14],[74.186,17.149],[74.097,17.101],[74.037,17.091],[73.987,17.118],[73.885,17.156],[73.872,17.189],[73.833,17.227],[73.772,17.248],[73.732,17.274],[73.696,17.263],[73.719,17.202],[73.709,17.17],[73.757,17.154],[73.781,17.18],[73.849,17.153],[73.915,17.074],[73.981,17.034],[73.971,16.993],[74.023,16.984],[74.039,16.924],[74.078,16.905],[74.121,16.911],[74.148,16.884],[74.177,16.899],[74.25,16.886],[74.298,16.892],[74.365,16.853],[74.396,16.877],[74.414,16.842],[74.496,16.856],[74.536,16.846],[74.559,16.807],[74.632,16.786],[74.693,16.717],[74.732,16.717],[74.774,16.75],[74.846,16.762],[74.912,16.787],[74.908,16.857],[74.945,16.882],[74.949,16.908],[75,16.947],[75.091,16.923],[75.169,16.866],[75.18,16.844],[75.227,16.843],[75.238,16.865],[75.28,16.876],[75.282,16.955],[75.343,16.954],[75.392,16.978],[75.429,16.965],[75.466,16.987],[75.491,16.947],[75.528,16.968],[75.569,16.965],[75.568,17.008],[75.608,17.005],[75.609,16.971],[75.644,16.953],[75.667,16.985],[75.68,17.073],[75.673,17.115],[75.63,17.162],[75.629,17.188],[75.663,17.215],[75.656,17.272],[75.604,17.305]]]},"properties":{"code":"D531","name":"Sangli","state":"MH"}},
{"type":"Feature","geometry":{"type":"Polygon","coordinates":[[[83.128,27.102],[83.034,27.096],[82.947,27.021],[82.905,27.021],[82.915,26.959],[82.866,26.939],[82.849,26.911],[82.868,26.887],[82.84,26.842],[82.893,26.789],[82.98,26.731],[82.973,26.683],[82.947,26.677],[82.884,26.571],[82.882,26.54],[83.025,26.474],[83.071,26.408],[83.096,26.425],[83.097,26.484],[83.197,26.517],[83.155,26.542],[83.116,26.621],[83.09,26.715],[83.134,26.728],[83.113,26.766],[83.115,26.812],[83.135,26.864],[83.217,26.884],[83.227,26.987],[83.207,27.017],[83.174,27.002],[83.128,27.102]]]},"properties":{"code":"D186","name":"Sant Kabir Nagar","state":"UP"}},
{"type":"Feature","geometry":{"type":"Polygon","coordinates":[[[82.694,25.394],[82.617,25.417],[82.607,25.45],[82.545,25.437],[82.506,25.472],[82.381,25.518],[82.353,25.514],[82.349,25.528],[82.342,25.534],[82.336,25.536],[82.33,25.536],[82.329,25.534],[82.327,25.533],[82.327,25.53],[82.329,25.525],[82.339,25.512],[82.329,25.498],[82.318,25.521],[82.305,25.495],[82.311,25.461],[82.353,25.419],[82.318,25.397],[82.319,25.343],[82.302,25.308],[82.222,25.276],[82.195,25.216],[82.205,25.19],[82.269,25.182],[82.244,25.215],[82.264,25.268],[82.3,25.272],[82.333,25.213],[82.361,25.214],[82.402,25.26],[82.467,25.223],[82.476,25.247],[82.539,25.239],[82.578,25.251],[82.672,25.248],[82.702,25.326],[82.683,25.353],[82.694,25.394]]]},"properties":{"code":"D198","name":"Sant Ravi Das Nagar(bhadohi)","state":"UP"}},
{"type":"Feature","geometry":{"type":"Polygon","coordinates":[[[74.71,18.029],[74.665,18.069],[74.641,18.045],[74.569,18.056],[74.493,18.059],[74.464,18.047],[74.433,18.065],[74.376,18.074],[74.358,18.096],[74.303,18.069],[74.241,18.097],[74.163,18.106],[74.118,18.13],[74.077,18.121],[73.978,18.155],[73.946,18.181],[73.902,18.161],[73.873,18.053],[73.858,18.032],[73.792,18.022],[73.706,18.048],[73.659,18.028],[73.626,17.985],[73.636,17.968],[73.547,17.904],[73.57,17.877],[73.603,17.795],[73.566,17.722],[73.657,17.699],[73.703,17.658],[73.742,17.56],[73.742,17.531],[73.696,17.488],[73.708,17.466],[73.661,17.376],[73.682,17.363],[73.696,17.263],[73.732,17.274],[73.772,17.248],[73.833,17.227],[73.872,17.189],[73.885,17.156],[73.987,17.118],[74.037,17.091],[74.097,17.101],[74.186,17.149],[74.248,17.14],[74.279,17.172],[74.257,17.293],[74.294,17.315],[74.289,17.352],[74.262,17.384],[74.298,17.421],[74.495,17.383],[74.535,17.416],[74.579,17.411],[74.611,17.442],[74.645,17.395],[74.695,17.391],[74.7,17.455],[74.69,17.485],[74.756,17.474],[74.81,17.452],[74.861,17.506],[74.859,17.556],[74.906,17.627],[74.889,17.675],[74.82,17.747],[74.756,17.78],[74.714,17.783],[74.685,17.81],[74.679,17.85],[74.626,17.831],[74.668,17.975],[74.665,18.001],[74.71,18.029]]]},"properties":{"code":"D527","name":"Satara","state":"MH"}},
{"type":"Feature","geometry":{"type":"Polygon","coordinates":[[[80.301,28.453],[80.246,28.455],[80.252,28.408],[80.172,28.352],[80.144,28.387],[80.108,28.383],[80.072,28.332],[80.015,28.358],[79.942,28.311],[79.965,28.168],[79.937,28.116],[79.84,28.209],[79.782,28.16],[79.714,28.205],[79.728,28.219],[79.685,28.263],[79.666,28.214],[79.621,28.149],[79.638,28.122],[79.63,28.084],[79.586,28.091],[79.529,28.059],[79.498,28.02],[79.472,27.962],[79.46,27.849],[79.357,27.79],[79.338,27.734],[79.35,27.652],[79.445,27.64],[79.48,27.596],[79.59,27.591],[79.631,27.634],[79.653,27.614],[79.664,27.495],[79.716,27.473],[79.728,27.537],[79.696,27.653],[79.729,27.672],[79.738,27.719],[79.767,27.713],[79.814,27.657],[79.866,27.652],[79.882,27.7],[79.918,27.703],[79.961,27.728],[80.059,27.741],[80.063,27.77],[80.037,27.837],[80.032,27.923],[80.069,27.922],[80.124,27.996],[80.207,28.03],[80.26,28.084],[80.251,28.15],[80.302,28.152],[80.307,28.259],[80.368,28.332],[80.359,28.383],[80.301,28.453]]]},"properties":{"code":"D152","name":"Shahjahanpur","state":"UP"}},
{"type":"Feature","geometry":{"type":"Polygon","coordinates":[[[75.536,14.277],[75.503,14.307],[75.428,14.349],[75.371,14.37],[75.378,14.41],[75.344,14.434],[75.347,14.483],[75.265,14.579],[75.21,14.574],[75.208,14.615],[75.167,14.633],[75.145,14.619],[75.101,14.648],[75.051,14.649],[75.027,14.608],[75.027,14.559],[75.043,14.501],[74.993,14.504],[74.979,14.552],[74.906,14.529],[74.886,14.431],[74.922,14.433],[74.976,14.335],[74.926,14.322],[74.91,14.289],[74.941,14.261],[74.919,14.231],[74.857,14.214],[74.822,14.234],[74.767,14.238],[74.731,14.267],[74.717,14.234],[74.729,14.179],[74.691,14.171],[74.667,14.188],[74.644,14.144],[74.64,14.097],[74.678,14.038],[74.668,13.984],[74.701,13.95],[74.717,13.907],[74.792,13.914],[74.847,13.895],[74.863,13.865],[74.914,13.857],[74.933,13.776],[74.999,13.739],[75.017,13.637],[75.06,13.593],[75.036,13.578],[75.049,13.541],[75.112,13.462],[75.14,13.463],[75.17,13.506],[75.224,13.528],[75.244,13.606],[75.277,13.564],[75.296,13.585],[75.342,13.587],[75.407,13.632],[75.415,13.654],[75.395,13.7],[75.456,13.725],[75.489,13.76],[75.536,13.731],[75.578,13.759],[75.609,13.761],[75.644,13.705],[75.671,13.763],[75.733,13.769],[75.761,13.793],[75.807,13.794],[75.825,13.817],[75.88,13.81],[75.858,13.914],[75.827,13.972],[75.814,14.098],[75.74,14.101],[75.723,14.075],[75.671,14.066],[75.636,14.079],[75.586,14.057],[75.516,14.096],[75.452,14.095],[75.4,14.114],[75.461,14.173],[75.479,14.215],[75.529,14.21],[75.536,14.277]]]},"properties":{"code":"D568","name":"Shimoga","state":"KA"}},
{"type":"Feature","geometry":{"type":"Polygon","coordinates":[[[82.209,27.844],[82.126,27.866],[82.075,27.924],[81.971,27.929],[81.929,27.86],[81.891,27.858],[81.75,27.948],[81.699,27.929],[81.669,27.88],[81.626,27.848],[81.64,27.816],[81.649,27.735],[81.691,27.718],[81.675,27.685],[81.684,27.635],[81.679,27.584],[81.767,27.559],[81.762,27.522],[81.708,27.496],[81.671,27.438],[81.713,27.402],[81.731,27.33],[81.797,27.296],[81.841,27.291],[81.849,27.325],[81.921,27.331],[81.91,27.366],[81.933,27.42],[81.98,27.44],[82.004,27.411],[82.077,27.411],[82.056,27.451],[82.061,27.498],[82.036,27.57],[82.045,27.614],[82.078,27.627],[82.095,27.67],[82.13,27.702],[82.145,27.767],[82.201,27.807],[82.209,27.844]]]},"properties":{"code":"D181","name":"Shrawasti","state":"UP"}},
{"type":"Feature","geometry":{"type":"Polygon","coordinates":[[[95.372,27.105],[95.359,27.168],[95.289,27.197],[95.241,27.186],[95.163,27.131],[95.062,27.136],[94.981,27.15],[94.97,27.229],[94.887,27.157],[94.849,27.108],[94.766,27.128],[94.781,27.191],[94.779,27.239],[94.754,27.269],[94.696,27.268],[94.647,27.247],[94.596,27.145],[94.511,27.041],[94.471,27.001],[94.403,26.96],[94.408,26.943],[94.482,26.934],[94.498,26.869],[94.49,26.834],[94.524,26.807],[94.516,26.775],[94.596,26.725],[94.623,26.714],[94.687,26.727],[94.738,26.764],[94.791,26.796],[94.822,26.849],[94.887,26.927],[94.958,26.938],[94.986,26.913],[95.087,26.947],[95.196,27.037],[95.249,27.024],[95.31,27.075],[95.372,27.105]]]},"properties":{"code":"D311","name":"Sivasagar","state":"AS"}},
{"type":"Feature","geometry":{"type":"Polygon","coordinates":[[[83.293,27.337],[83.272,27.381],[83.216,27.417],[83.184,27.453],[83.053,27.448],[82.947,27.474],[82.926,27.5],[82.818,27.495],[82.741,27.502],[82.721,27.471],[82.761,27.432],[82.669,27.407],[82.599,27.421],[82.557,27.399],[82.543,27.372],[82.493,27.36],[82.481,27.321],[82.512,27.28],[82.514,27.218],[82.553,27.219],[82.556,27.183],[82.484,27.204],[82.44,27.173],[82.48,27.156],[82.478,27.162],[82.476,27.166],[82.568,27.075],[82.564,27.1],[82.623,27.099],[82.631,27.124],[82.68,27.122],[82.708,27.104],[82.759,27.105],[82.799,27.074],[82.905,27.021],[82.947,27.021],[83.034,27.096],[83.128,27.102],[83.13,27.141],[83.22,27.244],[83.214,27.263],[83.293,27.337]]]},"properties":{"code":"D184","name":"Siddharth Nagar","state":"UP"}},
{"type":"Feature","geometry":{"type":"Polygon","coordinates":[[[75.03,28.198],[74.948,28.187],[74.893,28.192],[74.868,28.145],[74.83,28.115],[74.802,28.117],[74.788,28.078],[74.808,28.058],[74.793,28.006],[74.761,27.988],[74.781,27.956],[74.821,27.938],[74.801,27.896],[74.738,27.889],[74.741,27.855],[74.797,27.837],[74.817,27.8],[74.741,27.764],[74.727,27.718],[74.749,27.689],[74.681,27.667],[74.762,27.568],[74.716,27.537],[74.723,27.501],[74.799,27.482],[74.803,27.45],[74.857,27.45],[74.874,27.372],[74.899,27.33],[74.947,27.346],[75.009,27.347],[75.074,27.385],[75.118,27.377],[75.116,27.344],[75.168,27.316],[75.072,27.219],[75.125,27.211],[75.118,27.184],[75.179,27.141],[75.301,27.129],[75.316,27.159],[75.329,27.214],[75.392,27.23],[75.395,27.283],[75.432,27.301],[75.477,27.289],[75.531,27.344],[75.573,27.342],[75.614,27.315],[75.665,27.366],[75.725,27.369],[75.74,27.404],[75.794,27.381],[75.871,27.416],[75.896,27.457],[75.954,27.476],[75.939,27.497],[75.96,27.592],[75.942,27.622],[75.979,27.656],[75.991,27.703],[76.035,27.732],[76.097,27.83],[76.088,27.847],[75.983,27.86],[75.985,27.905],[75.931,27.929],[75.77,27.833],[75.712,27.756],[75.689,27.674],[75.62,27.703],[75.536,27.709],[75.418,27.644],[75.35,27.7],[75.289,27.716],[75.288,27.816],[75.242,27.81],[75.23,27.878],[75.195,27.911],[75.149,28.026],[75.103,28.064],[75.129,28.135],[75.09,28.159],[75.081,28.19],[75.03,28.198]]]},"properties":{"code":"D111","name":"Sikar","state":"RJ"}},
{"type":"Feature","geometry":{"type":"Polygon","coordinates":[[[73.854,16.65],[73.768,16.66],[73.768,16.603],[73.69,16.624],[73.661,16.576],[73.581,16.543],[73.541,16.515],[73.489,16.515],[73.465,16.493],[73.366,16.516],[73.341,16.561],[73.315,16.539],[73.344,16.475],[73.387,16.358],[73.451,16.147],[73.474,16.096],[73.459,16.057],[73.487,16.038],[73.488,15.975],[73.512,15.939],[73.59,15.91],[73.629,15.856],[73.676,15.728],[73.777,15.725],[73.812,15.742],[73.857,15.8],[73.9,15.744],[73.937,15.744],[73.963,15.689],[73.968,15.631],[73.995,15.611],[74.073,15.628],[74.119,15.652],[74.128,15.724],[74.161,15.751],[74.19,15.752],[74.211,15.781],[74.174,15.774],[74.159,15.821],[74.044,15.839],[74.084,15.868],[74.082,15.927],[74.049,15.95],[74.084,16.004],[74.049,16.034],[74.002,16.038],[73.999,16.087],[73.948,16.098],[73.901,16.089],[73.845,16.108],[73.856,16.145],[73.887,16.145],[73.947,16.172],[73.916,16.248],[73.849,16.313],[73.839,16.344],[73.866,16.374],[73.838,16.403],[73.888,16.449],[73.826,16.544],[73.864,16.613],[73.854,16.65]]]},"properties":{"code":"D529","name":"Sindhudurg","state":"MH"}},
{"type":"Feature","geometry":{"type":"Polygon","coordinates":[[[72.94,25.244],[72.891,25.246],[72.828,25.287],[72.779,25.216],[72.738,25.128],[72.709,25.107],[72.689,25.048],[72.658,25.041],[72.581,24.941],[72.506,24.923],[72.484,24.87],[72.5,24.818],[72.482,24.75],[72.373,24.761],[72.326,24.702],[72.312,24.649],[72.335,24.625],[72.308,24.587],[72.271,24.601],[72.245,24.582],[72.289,24.54],[72.352,24.554],[72.381,24.502],[72.443,24.495],[72.431,24.462],[72.459,24.409],[72.505,24.42],[72.495,24.452],[72.537,24.506],[72.583,24.474],[72.654,24.457],[72.688,24.461],[72.689,24.42],[72.728,24.362],[72.811,24.359],[72.864,24.366],[72.92,24.327],[72.961,24.351],[72.96,24.392],[72.987,24.421],[72.977,24.451],[73.009,24.482],[73.027,24.531],[73.083,24.611],[73.084,24.636],[73.138,24.688],[73.145,24.758],[73.163,24.781],[73.143,24.843],[73.102,24.845],[73.028,24.888],[73.008,24.922],[73.048,25.005],[73.108,25.037],[73.131,25.065],[73.119,25.108],[73.057,25.159],[73.05,25.104],[73.001,25.101],[72.999,25.144],[72.955,25.142],[72.973,25.193],[72.94,25.244]]]},"properties":{"code":"D117","name":"Sirohi","state":"RJ"}},
{"type":"Feature","geometry":{"type":"Polygon","coordinates":[[[81.303,27.681],[81.267,27.71],[81.186,27.732],[81.216,27.767],[81.181,27.785],[81.11,27.789],[81.093,27.816],[80.993,27.825],[81.01,27.88],[80.963,27.901],[80.94,27.855],[80.847,27.823],[80.829,27.791],[80.791,27.817],[80.725,27.806],[80.638,27.836],[80.606,27.75],[80.566,27.748],[80.52,27.808],[80.49,27.773],[80.422,27.745],[80.385,27.713],[80.312,27.679],[80.306,27.581],[80.354,27.484],[80.392,27.473],[80.419,27.419],[80.448,27.403],[80.518,27.267],[80.641,27.265],[80.657,27.227],[80.699,27.219],[80.728,27.235],[80.816,27.166],[80.827,27.101],[80.894,27.128],[80.929,27.159],[80.927,27.19],[80.966,27.221],[81.077,27.228],[81.118,27.275],[81.184,27.246],[81.244,27.284],[81.227,27.321],[81.297,27.337],[81.321,27.273],[81.377,27.27],[81.392,27.325],[81.412,27.337],[81.418,27.36],[81.351,27.427],[81.321,27.502],[81.32,27.638],[81.303,27.681]]]},"properties":{"code":"D154","name":"Sitapur","state":"UP"}},
{"type":"Feature","geometry":{"type":"Polygon","coordinates":[[[75.314,18.519],[75.261,18.509],[75.24,18.543],[75.159,18.52],[75.135,18.526],[75.106,18.489],[75.093,18.434],[75.059,18.42],[75.016,18.437],[75.007,18.406],[74.916,18.377],[74.907,18.356],[74.834,18.339],[74.842,18.296],[74.797,18.279],[74.833,18.246],[74.951,18.263],[74.986,18.241],[75.022,18.187],[75.082,18.218],[75.11,18.214],[75.094,18.122],[75.158,18.121],[75.13,18.075],[75.091,18.064],[75.025,17.981],[75.135,17.97],[75.115,17.937],[75.072,17.914],[75.018,17.907],[74.943,17.925],[74.917,17.945],[74.867,17.951],[74.864,17.991],[74.71,18.029],[74.665,18.001],[74.668,17.975],[74.626,17.831],[74.679,17.85],[74.685,17.81],[74.714,17.783],[74.756,17.78],[74.82,17.747],[74.889,17.675],[74.906,17.627],[74.926,17.575],[74.989,17.542],[74.941,17.513],[74.985,17.466],[75.028,17.494],[75.041,17.474],[75.034,17.42],[75.007,17.41],[75.007,17.368],[74.971,17.344],[74.962,17.293],[74.914,17.275],[74.867,17.195],[74.907,17.174],[74.926,17.145],[74.966,17.194],[75.017,17.225],[75.08,17.222],[75.099,17.243],[75.175,17.239],[75.192,17.266],[75.248,17.255],[75.225,17.183],[75.269,17.183],[75.289,17.215],[75.362,17.236],[75.367,17.191],[75.403,17.211],[75.422,17.265],[75.515,17.239],[75.564,17.288],[75.604,17.305],[75.612,17.344],[75.577,17.384],[75.614,17.393],[75.634,17.479],[75.679,17.455],[75.69,17.414],[75.736,17.423],[75.81,17.371],[75.821,17.421],[75.894,17.407],[75.893,17.355],[75.931,17.326],[76.063,17.354],[76.073,17.334],[76.121,17.368],[76.163,17.343],[76.229,17.365],[76.271,17.358],[76.276,17.332],[76.383,17.314],[76.409,17.371],[76.363,17.377],[76.374,17.436],[76.351,17.474],[76.332,17.596],[76.417,17.606],[76.43,17.646],[76.381,17.66],[76.379,17.686],[76.319,17.697],[76.299,17.729],[76.271,17.728],[76.24,17.698],[76.19,17.682],[76.15,17.699],[76.146,17.754],[76.096,17.779],[76.003,17.754],[76.018,17.829],[75.94,17.852],[75.92,17.832],[75.876,17.846],[75.845,17.892],[75.839,17.978],[75.857,18.01],[75.907,18.004],[75.913,17.978],[75.997,17.993],[76.016,18.04],[75.962,18.09],[75.942,18.125],[75.96,18.161],[75.927,18.261],[75.924,18.302],[75.884,18.366],[75.799,18.384],[75.764,18.44],[75.728,18.434],[75.711,18.393],[75.732,18.361],[75.69,18.324],[75.655,18.333],[75.619,18.274],[75.63,18.245],[75.575,18.24],[75.554,18.197],[75.551,18.145],[75.468,18.162],[75.429,18.181],[75.429,18.264],[75.36,18.37],[75.285,18.412],[75.302,18.429],[75.301,18.503],[75.314,18.519]]]},"properties":{"code":"D526","name":"Solapur","state":"MH"}},
{"type":"Feature","geometry":{"type":"Polygon","coordinates":[[[83.896,21.178],[83.852,21.106],[83.8,21.116],[83.782,21.155],[83.718,21.121],[83.614,21.129],[83.6,21.111],[83.493,21.042],[83.459,21.055],[83.451,21.019],[83.509,20.983],[83.575,20.975],[83.626,20.985],[83.621,20.904],[83.58,20.873],[83.576,20.847],[83.599,20.801],[83.636,20.797],[83.678,20.742],[83.64,20.68],[83.622,20.631],[83.596,20.604],[83.606,20.53],[83.689,20.561],[83.731,20.606],[83.719,20.64],[83.759,20.716],[83.763,20.775],[83.788,20.803],[83.852,20.823],[83.905,20.819],[83.935,20.839],[83.991,20.842],[84.038,20.827],[84.113,20.846],[84.218,20.902],[84.268,20.889],[84.283,20.927],[84.242,20.926],[84.195,20.977],[84.161,20.976],[84.148,21.036],[84.071,21.051],[84.048,21.044],[83.991,21.079],[83.986,21.135],[83.896,21.178]]]},"properties":{"code":"D392","name":"Subarnapur","state":"OD"}},
{"type":"Feature","geometry":{"type":"Polygon","coordinates":[[[83.108,24.817],[83.058,24.799],[83.015,24.822],[83.013,24.9],[82.955,24.838],[82.84,24.843],[82.825,24.854],[82.726,24.818],[82.659,24.785],[82.627,24.788],[82.583,24.83],[82.547,24.808],[82.556,24.741],[82.55,24.695],[82.527,24.676],[82.537,24.65],[82.674,24.698],[82.704,24.674],[82.7,24.647],[82.774,24.64],[82.804,24.598],[82.809,24.551],[82.754,24.54],[82.724,24.555],[82.734,24.425],[82.715,24.384],[82.769,24.371],[82.772,24.291],[82.758,24.235],[82.735,24.222],[82.744,24.167],[82.728,24.138],[82.665,24.133],[82.716,24.079],[82.763,24.072],[82.754,24.012],[82.809,24],[82.816,23.962],[82.857,23.946],[82.889,23.909],[82.961,23.872],[83.044,23.882],[83.069,23.874],[83.135,23.889],[83.197,23.92],[83.224,23.989],[83.286,24.024],[83.302,24.078],[83.331,24.101],[83.357,24.126],[83.386,24.2],[83.385,24.23],[83.41,24.265],[83.383,24.312],[83.442,24.346],[83.438,24.403],[83.407,24.411],[83.389,24.454],[83.401,24.5],[83.506,24.526],[83.525,24.548],[83.526,24.554],[83.542,24.614],[83.505,24.65],[83.521,24.678],[83.475,24.733],[83.47,24.734],[83.395,24.783],[83.33,24.769],[83.289,24.729],[83.229,24.731],[83.187,24.715],[83.133,24.759],[83.103,24.768],[83.108,24.817]]]},"properties":{"code":"D200","name":"Sonbhadra","state":"UP"}},
{"type":"Feature","geometry":{"type":"Polygon","coordinates":[[[92.364,26.586],[92.346,26.502],[92.425,26.517],[92.467,26.498],[92.529,26.509],[92.581,26.5],[92.705,26.526],[92.756,26.512],[92.774,26.556],[92.852,26.585],[92.924,26.598],[92.944,26.617],[93.009,26.598],[93.074,26.595],[93.124,26.577],[93.218,26.625],[93.247,26.684],[93.309,26.698],[93.349,26.732],[93.405,26.753],[93.434,26.744],[93.511,26.76],[93.567,26.724],[93.651,26.705],[93.667,26.714],[93.651,26.778],[93.713,26.817],[93.755,26.805],[93.774,26.844],[93.781,26.884],[93.75,26.894],[93.745,26.958],[93.7,26.992],[93.678,26.968],[93.586,26.95],[93.47,26.936],[93.393,26.957],[93.269,26.954],[93.187,26.936],[93.022,26.915],[92.92,26.962],[92.875,27.006],[92.772,27.031],[92.717,27.024],[92.662,27.037],[92.642,27.017],[92.648,26.986],[92.588,26.96],[92.508,26.965],[92.449,26.959],[92.403,26.925],[92.368,26.931],[92.345,26.885],[92.335,26.831],[92.339,26.778],[92.368,26.706],[92.408,26.647],[92.364,26.586]]]},"properties":{"code":"D306","name":"Sonitpur","state":"AS"}},
{"type":"Feature","geometry":{"type":"Polygon","coordinates":[[[82.221,26.407],[82.164,26.423],[82.11,26.471],[82.083,26.47],[81.937,26.506],[81.863,26.533],[81.702,26.54],[81.705,26.587],[81.655,26.582],[81.619,26.626],[81.582,26.652],[81.561,26.642],[81.564,26.628],[81.575,26.609],[81.542,26.521],[81.571,26.449],[81.547,26.424],[81.566,26.384],[81.555,26.309],[81.584,26.276],[81.594,26.221],[81.619,26.178],[81.685,26.117],[81.77,26.068],[81.787,26.026],[81.862,26.046],[81.885,26.08],[81.933,26.052],[81.965,26.078],[82.067,26.052],[82.106,26.075],[82.187,26.041],[82.203,26.015],[82.248,26.057],[82.32,26.04],[82.357,26.007],[82.378,26.031],[82.432,26.009],[82.485,26.001],[82.505,26.04],[82.467,26.044],[82.467,26.074],[82.437,26.103],[82.478,26.13],[82.567,26.141],[82.601,26.196],[82.627,26.171],[82.682,26.151],[82.69,26.212],[82.68,26.255],[82.638,26.246],[82.582,26.257],[82.553,26.284],[82.47,26.283],[82.403,26.327],[82.387,26.375],[82.28,26.389],[82.221,26.407]]]},"properties":{"code":"D179","name":"Sultanpur","state":"UP"}},
{"type":"Feature","geometry":{"type":"Polygon","coordinates":[[[84.01,22.523],[83.983,22.504],[84.049,22.466],[84.047,22.435],[84.008,22.372],[83.923,22.362],[83.868,22.346],[83.805,22.292],[83.753,22.243],[83.7,22.248],[83.653,22.227],[83.613,22.16],[83.564,22.102],[83.607,22.068],[83.546,22.058],[83.556,22.009],[83.542,21.966],[83.608,21.913],[83.579,21.875],[83.581,21.832],[83.63,21.848],[83.643,21.817],[83.722,21.786],[83.761,21.836],[83.817,21.883],[83.881,21.924],[83.897,21.946],[83.961,21.941],[83.981,21.906],[84.029,21.953],[84.079,21.937],[84.094,21.999],[84.116,22.009],[84.172,21.999],[84.207,21.978],[84.247,21.983],[84.27,22.014],[84.267,22.076],[84.279,22.108],[84.421,22.172],[84.478,22.189],[84.514,22.053],[84.504,21.978],[84.529,21.974],[84.523,21.923],[84.539,21.86],[84.529,21.813],[84.594,21.758],[84.655,21.767],[84.68,21.735],[84.721,21.715],[84.749,21.681],[84.756,21.628],[84.783,21.625],[84.793,21.668],[84.866,21.652],[84.96,21.683],[85.028,21.672],[85.037,21.607],[85.151,21.594],[85.192,21.624],[85.194,21.663],[85.19,21.717],[85.205,21.768],[85.282,21.834],[85.317,21.819],[85.349,21.834],[85.377,21.91],[85.347,21.951],[85.273,21.962],[85.237,22.004],[85.217,22.047],[85.105,22.1],[85.03,22.115],[85.032,22.157],[85.076,22.234],[85.077,22.275],[85.112,22.294],[85.08,22.352],[85.09,22.381],[85.063,22.448],[85.069,22.481],[84.959,22.456],[84.887,22.42],[84.808,22.446],[84.759,22.445],[84.75,22.417],[84.668,22.417],[84.639,22.431],[84.509,22.418],[84.433,22.355],[84.296,22.34],[84.253,22.376],[84.201,22.374],[84.143,22.423],[84.144,22.469],[84.113,22.476],[84.065,22.512],[84.01,22.523]]]},"properties":{"code":"D374","name":"Sundargarh","state":"OD"}},
{"type":"Feature","geometry":{"type":"Polygon","coordinates":[[[72.96,20.213],[72.873,20.227],[72.839,20.209],[72.817,20.157],[72.776,20.131],[72.729,20.137],[72.704,20.081],[72.72,19.979],[72.76,19.981],[72.77,19.939],[72.735,19.91],[72.699,19.962],[72.669,19.943],[72.673,19.873],[72.644,19.839],[72.686,19.793],[72.671,19.762],[72.676,19.714],[72.714,19.687],[72.695,19.657],[72.72,19.619],[72.71,19.553],[72.749,19.486],[72.758,19.374],[72.8,19.33],[72.782,19.263],[72.818,19.245],[72.856,19.269],[72.907,19.242],[72.983,19.156],[72.968,19.094],[72.979,19.033],[72.959,18.987],[73.009,18.987],[73.046,19.017],[73.047,19.098],[73.177,19.109],[73.195,19.125],[73.247,19.064],[73.35,19.129],[73.473,19.135],[73.527,19.129],[73.539,19.174],[73.609,19.189],[73.665,19.24],[73.69,19.244],[73.674,19.303],[73.716,19.327],[73.798,19.336],[73.782,19.386],[73.691,19.439],[73.676,19.463],[73.7,19.505],[73.626,19.543],[73.62,19.587],[73.567,19.621],[73.52,19.702],[73.501,19.759],[73.462,19.759],[73.424,19.916],[73.453,19.982],[73.406,20.017],[73.364,20.021],[73.296,20.06],[73.266,20.061],[73.272,20.105],[73.25,20.125],[73.207,20.122],[73.209,20.098],[73.171,20.052],[73.153,20.073],[73.048,20.097],[73.021,20.085],[72.994,20.118],[72.96,20.213]]]},"properties":{"code":"D517","name":"Thane","state":"MH"}},
{"type":"Feature","geometry":{"type":"Polygon","coordinates":[[[95.882,27.547],[95.863,27.546],[95.799,27.602],[95.759,27.725],[95.824,27.804],[95.875,27.834],[95.93,27.885],[95.979,27.963],[95.827,27.972],[95.609,27.953],[95.546,27.909],[95.518,27.877],[95.493,27.852],[95.46,27.774],[95.402,27.725],[95.278,27.682],[95.292,27.67],[95.323,27.587],[95.303,27.583],[95.232,27.496],[95.222,27.458],[95.271,27.405],[95.377,27.38],[95.397,27.391],[95.441,27.363],[95.452,27.295],[95.491,27.243],[95.535,27.264],[95.59,27.223],[95.637,27.23],[95.685,27.251],[95.861,27.287],[95.872,27.26],[95.963,27.31],[96.015,27.368],[95.974,27.43],[95.883,27.437],[95.882,27.547]]]},"properties":{"code":"D309","name":"Tinsukia","state":"AS"}},
{"type":"Feature","geometry":{"type":"Polygon","coordinates":[[[76.161,26.515],[76.113,26.535],[76.072,26.507],[76.009,26.492],[75.974,26.502],[75.784,26.526],[75.761,26.512],[75.771,26.467],[75.712,26.445],[75.653,26.464],[75.644,26.442],[75.574,26.446],[75.453,26.493],[75.39,26.482],[75.352,26.501],[75.331,26.558],[75.287,26.564],[75.237,26.521],[75.206,26.516],[75.17,26.462],[75.164,26.42],[75.13,26.397],[75.138,26.318],[75.113,26.285],[75.143,26.244],[75.159,26.183],[75.188,26.163],[75.188,26.11],[75.221,26.107],[75.246,26.078],[75.277,26.135],[75.34,26.131],[75.308,26.08],[75.355,26.019],[75.328,25.999],[75.307,25.941],[75.251,25.937],[75.264,25.853],[75.311,25.854],[75.34,25.811],[75.319,25.764],[75.391,25.759],[75.464,25.718],[75.511,25.736],[75.564,25.697],[75.622,25.677],[75.632,25.709],[75.695,25.76],[75.761,25.756],[75.773,25.822],[75.838,25.804],[75.834,25.834],[75.894,25.869],[75.906,25.814],[75.947,25.816],[75.957,25.865],[76.061,25.86],[76.054,25.82],[76.102,25.81],[76.157,25.762],[76.201,25.842],[76.232,25.804],[76.322,25.809],[76.275,25.824],[76.222,25.862],[76.219,25.912],[76.249,25.913],[76.25,26.019],[76.19,26.011],[76.146,25.966],[76.076,26.013],[76.116,26.056],[76.069,26.13],[76.03,26.11],[75.994,26.116],[75.982,26.195],[76.03,26.252],[76.104,26.239],[76.148,26.308],[76.131,26.345],[76.158,26.44],[76.181,26.486],[76.161,26.515]]]},"properties":{"code":"D120","name":"Tonk","state":"RJ"}},
{"type":"Feature","geometry":{"type":"MultiPolygon","coordinates":[[[[77.457,13.683],[77.47,13.751],[77.458,13.793],[77.416,13.807],[77.432,13.834],[77.314,13.864],[77.257,13.847],[77.247,13.901],[77.199,13.863],[77.146,13.866],[77.168,13.822],[77.173,13.762],[77.102,13.768],[77.066,13.746],[77.041,13.776],[76.999,13.749],[76.975,13.817],[77.012,13.857],[77.042,13.932],[76.995,13.963],[77,13.988],[76.937,14.029],[76.952,14.092],[76.927,14.058],[76.892,14.047],[76.871,14.009],[76.825,13.994],[76.85,13.962],[76.815,13.916],[76.782,13.923],[76.723,13.895],[76.767,13.836],[76.764,13.779],[76.726,13.796],[76.698,13.769],[76.687,13.688],[76.66,13.721],[76.573,13.713],[76.512,13.629],[76.461,13.617],[76.462,13.597],[76.411,13.579],[76.354,13.578],[76.364,13.546],[76.402,13.524],[76.398,13.491],[76.418,13.447],[76.382,13.364],[76.346,13.36],[76.356,13.25],[76.38,13.231],[76.372,13.199],[76.427,13.184],[76.476,13.141],[76.469,13.095],[76.617,13.063],[76.608,13.009],[76.632,13.006],[76.653,13.007],[76.674,13.054],[76.703,13.039],[76.762,13.035],[76.852,12.977],[76.841,12.949],[76.892,12.889],[76.892,12.853],[76.925,12.804],[76.971,12.803],[77.011,12.764],[77.081,12.746],[77.1,12.774],[77.15,12.783],[77.157,12.825],[77.133,12.858],[77.144,12.915],[77.169,12.93],[77.138,12.995],[77.073,13.046],[77.084,13.087],[77.073,13.124],[77.157,13.191],[77.205,13.184],[77.189,13.272],[77.223,13.268],[77.231,13.311],[77.309,13.31],[77.34,13.33],[77.351,13.453],[77.387,13.5],[77.393,13.532],[77.363,13.613],[77.384,13.66],[77.457,13.683]]],[[[77.025,14.179],[77.016,14.098],[77.029,14.06],[77.097,14.045],[77.127,14.049],[77.141,14.005],[77.285,14.014],[77.32,14.032],[77.351,13.958],[77.355,13.904],[77.426,13.902],[77.393,13.981],[77.39,14.014],[77.333,14.03],[77.345,14.061],[77.402,14.11],[77.383,14.137],[77.396,14.172],[77.517,14.179],[77.497,14.235],[77.506,14.268],[77.449,14.317],[77.401,14.336],[77.381,14.302],[77.408,14.267],[77.422,14.21],[77.39,14.199],[77.362,14.237],[77.366,14.276],[77.286,14.283],[77.287,14.338],[77.251,14.321],[77.202,14.321],[77.158,14.344],[77.118,14.294],[77.116,14.228],[77.081,14.216],[77.055,14.246],[77.01,14.238],[77.004,14.198],[77.025,14.179]]]]},"properties":{"code":"D571","name":"Tumkur","state":"KA"}},
{"type":"Feature","geometry":{"type":"Polygon","coordinates":[[[74.398,24.303],[74.387,24.311],[74.353,24.337],[74.366,24.41],[74.328,24.45],[74.334,24.493],[74.268,24.47],[74.209,24.461],[74.279,24.565],[74.224,24.616],[74.252,24.627],[74.205,24.67],[74.172,24.678],[74.173,24.716],[74.119,24.739],[74.107,24.781],[74.122,24.852],[74.045,24.833],[74.002,24.892],[73.958,24.854],[73.931,24.881],[73.855,24.887],[73.796,24.745],[73.756,24.739],[73.703,24.789],[73.612,24.775],[73.569,24.88],[73.562,24.934],[73.507,24.976],[73.523,25.031],[73.501,25.054],[73.503,25.118],[73.462,25.089],[73.423,25.09],[73.392,25.066],[73.33,24.977],[73.346,24.961],[73.328,24.909],[73.239,24.83],[73.231,24.794],[73.145,24.758],[73.138,24.688],[73.084,24.636],[73.083,24.611],[73.027,24.531],[73.009,24.482],[73.047,24.465],[73.091,24.495],[73.103,24.42],[73.081,24.394],[73.183,24.335],[73.17,24.301],[73.112,24.262],[73.079,24.185],[73.119,24.14],[73.168,24.111],[73.22,24.098],[73.197,24.045],[73.249,24.011],[73.287,24.027],[73.323,24.062],[73.332,24.114],[73.41,24.05],[73.407,23.997],[73.416,23.922],[73.383,23.905],[73.356,23.854],[73.366,23.814],[73.404,23.806],[73.432,23.837],[73.469,23.847],[73.518,23.931],[73.592,23.965],[73.671,23.939],[73.697,23.958],[73.738,23.943],[73.858,23.936],[73.918,23.983],[74.002,23.968],[74.049,23.981],[74.081,23.968],[74.16,24.013],[74.175,23.97],[74.205,23.955],[74.227,23.909],[74.259,23.93],[74.275,23.936],[74.314,23.945],[74.325,23.937],[74.336,24.002],[74.328,24.048],[74.36,24.092],[74.38,24.071],[74.422,24.068],[74.432,24.116],[74.374,24.162],[74.36,24.193],[74.384,24.235],[74.394,24.268],[74.391,24.285],[74.398,24.296],[74.398,24.303]]]},"properties":{"code":"D130","name":"Udaipur","state":"RJ"}},
{"type":"Feature","geometry":{"type":"Polygon","coordinates":[[[92.364,26.586],[92.408,26.647],[92.368,26.706],[92.339,26.778],[92.335,26.831],[92.345,26.885],[92.368,26.931],[92.306,26.923],[92.198,26.89],[92.111,26.893],[92.101,26.867],[92.059,26.847],[91.989,26.857],[91.958,26.887],[91.901,26.915],[91.857,26.911],[91.806,26.851],[91.731,26.812],[91.708,26.811],[91.746,26.687],[91.746,26.59],[91.787,26.537],[91.789,26.499],[91.936,26.574],[91.969,26.554],[92.028,26.56],[92.076,26.629],[92.189,26.669],[92.27,26.592],[92.301,26.665],[92.336,26.669],[92.328,26.592],[92.355,26.585],[92.364,26.586]]]},"properties":{"code":"D326","name":"Udalguri","state":"AS"}},
{"type":"Feature","geometry":{"type":"Polygon","coordinates":[[[75.14,13.463],[75.112,13.462],[75.049,13.541],[75.036,13.578],[75.06,13.593],[75.017,13.637],[74.999,13.739],[74.933,13.776],[74.914,13.857],[74.863,13.865],[74.847,13.895],[74.792,13.914],[74.717,13.907],[74.701,13.95],[74.668,13.984],[74.632,13.948],[74.582,13.926],[74.614,13.835],[74.65,13.663],[74.672,13.68],[74.728,13.635],[74.672,13.6],[74.686,13.473],[74.724,13.459],[74.694,13.398],[74.695,13.358],[74.718,13.335],[74.714,13.288],[74.749,13.186],[74.763,13.119],[74.788,13.097],[74.831,13.126],[74.863,13.126],[74.89,13.096],[74.886,13.044],[74.965,13.013],[74.999,13.013],[75.014,12.984],[75.077,13.045],[75.13,13.135],[75.162,13.133],[75.2,13.179],[75.176,13.202],[75.138,13.29],[75.115,13.285],[75.08,13.345],[75.113,13.358],[75.151,13.421],[75.14,13.463]]]},"properties":{"code":"D569","name":"Udupi","state":"KA"}},
{"type":"Feature","geometry":{"type":"Polygon","coordinates":[[[80.56,27.011],[80.446,26.967],[80.428,26.941],[80.384,26.93],[80.339,26.948],[80.305,27.025],[80.252,27.027],[80.23,26.97],[80.174,26.959],[80.162,26.985],[80.1,26.98],[80.052,26.919],[80.107,26.872],[80.105,26.838],[80.133,26.743],[80.187,26.687],[80.233,26.687],[80.259,26.669],[80.304,26.606],[80.296,26.548],[80.348,26.486],[80.405,26.457],[80.422,26.424],[80.533,26.358],[80.567,26.227],[80.602,26.224],[80.614,26.152],[80.658,26.145],[80.676,26.121],[80.732,26.176],[80.812,26.208],[80.888,26.292],[80.832,26.349],[80.846,26.371],[80.901,26.35],[80.939,26.357],[80.952,26.307],[80.999,26.314],[81,26.345],[81.038,26.361],[81.026,26.403],[80.985,26.473],[81.003,26.49],[81,26.535],[80.892,26.598],[80.883,26.631],[80.843,26.663],[80.795,26.646],[80.757,26.686],[80.729,26.656],[80.699,26.689],[80.703,26.747],[80.738,26.776],[80.681,26.861],[80.627,26.889],[80.6,26.984],[80.56,27.011]]]},"properties":{"code":"D156","name":"Unnao","state":"UP"}},
{"type":"Feature","geometry":{"type":"Polygon","coordinates":[[[74.743,15.411],[74.699,15.41],[74.614,15.359],[74.568,15.403],[74.534,15.419],[74.48,15.396],[74.423,15.417],[74.421,15.462],[74.375,15.482],[74.34,15.519],[74.277,15.522],[74.25,15.492],[74.276,15.445],[74.284,15.384],[74.322,15.37],[74.317,15.332],[74.336,15.295],[74.27,15.277],[74.257,15.244],[74.296,15.231],[74.316,15.187],[74.283,15.146],[74.275,15.104],[74.296,15.042],[74.255,14.993],[74.235,14.949],[74.18,14.956],[74.142,14.921],[74.088,14.896],[74.125,14.833],[74.108,14.786],[74.204,14.733],[74.237,14.747],[74.263,14.722],[74.285,14.64],[74.279,14.619],[74.331,14.514],[74.357,14.511],[74.397,14.408],[74.414,14.312],[74.444,14.281],[74.479,14.284],[74.446,14.224],[74.465,14.198],[74.516,13.989],[74.582,13.926],[74.632,13.948],[74.668,13.984],[74.678,14.038],[74.64,14.097],[74.644,14.144],[74.667,14.188],[74.691,14.171],[74.729,14.179],[74.717,14.234],[74.731,14.267],[74.767,14.238],[74.822,14.234],[74.857,14.214],[74.919,14.231],[74.941,14.261],[74.91,14.289],[74.926,14.322],[74.976,14.335],[74.922,14.433],[74.886,14.431],[74.906,14.529],[74.979,14.552],[74.993,14.504],[75.043,14.501],[75.027,14.559],[75.027,14.608],[75.051,14.649],[75.032,14.707],[75.071,14.78],[75.071,14.918],[75.104,14.926],[75.07,15.016],[75.081,15.073],[74.94,15.066],[74.893,15.045],[74.883,15.099],[74.829,15.133],[74.877,15.193],[74.873,15.213],[74.909,15.251],[74.899,15.299],[74.826,15.343],[74.821,15.384],[74.743,15.411]]]},"properties":{"code":"D563","name":"Uttara Kannada","state":"KA"}},
{"type":"Feature","geometry":{"type":"Polygon","coordinates":[[[83.072,25.551],[83.029,25.571],[82.983,25.554],[82.965,25.527],[82.929,25.57],[82.838,25.566],[82.78,25.529],[82.743,25.546],[82.689,25.43],[82.694,25.394],[82.683,25.353],[82.702,25.326],[82.672,25.248],[82.711,25.263],[82.757,25.243],[82.817,25.257],[82.792,25.21],[82.857,25.169],[82.872,25.2],[82.919,25.213],[83.002,25.203],[83.034,25.241],[83.049,25.282],[83.017,25.303],[83.09,25.33],[83.139,25.317],[83.176,25.353],[83.191,25.419],[83.131,25.444],[83.18,25.51],[83.087,25.494],[83.072,25.551]]]},"properties":{"code":"D197","name":"Varanasi","state":"UP"}},
{"type":"Feature","geometry":{"type":"Polygon","coordinates":[[[78.251,21.329],[78.158,21.33],[78.105,21.355],[78.08,21.328],[78.055,21.249],[78.099,21.199],[78.093,21.181],[78.143,21.14],[78.152,21.047],[78.138,21.004],[78.146,20.952],[78.184,20.905],[78.238,20.896],[78.273,20.865],[78.3,20.811],[78.294,20.778],[78.311,20.735],[78.28,20.696],[78.25,20.643],[78.264,20.579],[78.28,20.562],[78.413,20.511],[78.509,20.52],[78.537,20.463],[78.577,20.429],[78.641,20.434],[78.692,20.357],[78.708,20.309],[78.761,20.293],[78.802,20.298],[78.83,20.319],[78.819,20.387],[78.899,20.437],[78.951,20.428],[78.969,20.459],[79.002,20.448],[79.024,20.478],[79.131,20.454],[79.167,20.505],[79.214,20.546],[79.225,20.582],[79.189,20.603],[79.143,20.676],[79.107,20.686],[79.053,20.734],[78.945,20.767],[78.916,20.806],[78.916,20.835],[78.864,20.842],[78.865,20.871],[78.805,20.877],[78.735,20.947],[78.731,21.005],[78.652,21.036],[78.607,21.069],[78.59,21.115],[78.559,21.115],[78.507,21.19],[78.443,21.235],[78.333,21.251],[78.298,21.293],[78.251,21.329]]]},"properties":{"code":"D504","name":"Wardha","state":"MH"}},
{"type":"Feature","geometry":{"type":"Polygon","coordinates":[[[77.653,20.564],[77.631,20.567],[77.656,20.647],[77.636,20.668],[77.633,20.738],[77.616,20.76],[77.591,20.757],[77.566,20.721],[77.522,20.732],[77.455,20.656],[77.467,20.61],[77.418,20.608],[77.401,20.581],[77.34,20.576],[77.329,20.499],[77.349,20.465],[77.301,20.447],[77.296,20.42],[77.225,20.448],[77.187,20.449],[77.195,20.411],[77.132,20.4],[77.055,20.448],[77.025,20.45],[77.018,20.413],[76.98,20.372],[76.9,20.341],[76.885,20.298],[76.837,20.3],[76.822,20.28],[76.827,20.246],[76.787,20.203],[76.75,20.209],[76.759,20.131],[76.671,20.126],[76.625,20.05],[76.663,20.048],[76.66,19.976],[76.635,19.953],[76.612,19.89],[76.647,19.866],[76.679,19.846],[76.691,19.872],[76.739,19.872],[76.746,19.907],[76.773,19.933],[76.823,19.927],[76.837,19.961],[76.901,19.963],[76.973,19.994],[77.036,20.01],[77.061,19.996],[77.102,19.933],[77.204,19.991],[77.209,19.947],[77.239,19.938],[77.244,19.891],[77.286,19.91],[77.287,19.935],[77.325,19.956],[77.374,20.046],[77.368,20.088],[77.466,20.071],[77.526,20.094],[77.581,20.03],[77.626,20.041],[77.669,20.1],[77.681,20.169],[77.647,20.19],[77.669,20.248],[77.612,20.264],[77.584,20.325],[77.575,20.393],[77.601,20.445],[77.648,20.449],[77.668,20.513],[77.645,20.529],[77.653,20.564]]]},"properties":{"code":"D502","name":"Washim","state":"MH"}},
{"type":"Feature","geometry":{"type":"Polygon","coordinates":[[[77.457,16.885],[77.408,16.881],[77.335,16.931],[77.273,16.925],[77.24,16.943],[77.179,16.934],[77.104,16.9],[77.062,16.947],[77.025,16.897],[77.041,16.879],[76.983,16.851],[76.992,16.819],[76.934,16.829],[76.904,16.852],[76.895,16.896],[76.819,16.87],[76.755,16.831],[76.744,16.782],[76.695,16.786],[76.634,16.737],[76.605,16.766],[76.509,16.741],[76.501,16.717],[76.46,16.711],[76.438,16.707],[76.405,16.648],[76.418,16.599],[76.437,16.435],[76.384,16.422],[76.334,16.424],[76.334,16.39],[76.302,16.283],[76.348,16.274],[76.354,16.226],[76.329,16.191],[76.407,16.235],[76.479,16.29],[76.515,16.299],[76.58,16.34],[76.605,16.339],[76.747,16.412],[76.848,16.433],[76.883,16.493],[76.912,16.486],[76.97,16.505],[76.972,16.553],[77.011,16.545],[77.027,16.502],[77.059,16.518],[77.115,16.482],[77.145,16.478],[77.171,16.435],[77.289,16.407],[77.255,16.472],[77.37,16.488],[77.385,16.516],[77.42,16.522],[77.425,16.569],[77.461,16.585],[77.458,16.611],[77.421,16.667],[77.469,16.682],[77.473,16.713],[77.428,16.718],[77.441,16.767],[77.471,16.78],[77.457,16.885]]]},"properties":{"code":"D580","name":"Yadgir","state":"KA"}},
{"type":"Feature","geometry":{"type":"Polygon","coordinates":[[[78.28,20.696],[78.213,20.689],[78.159,20.659],[78.064,20.673],[78.028,20.657],[77.971,20.587],[77.912,20.565],[77.919,20.605],[77.893,20.623],[77.866,20.595],[77.817,20.585],[77.772,20.54],[77.742,20.561],[77.667,20.58],[77.653,20.564],[77.645,20.529],[77.668,20.513],[77.648,20.449],[77.601,20.445],[77.575,20.393],[77.584,20.325],[77.612,20.264],[77.669,20.248],[77.647,20.19],[77.681,20.169],[77.669,20.1],[77.626,20.041],[77.581,20.03],[77.526,20.094],[77.466,20.071],[77.368,20.088],[77.374,20.046],[77.325,19.956],[77.287,19.935],[77.286,19.91],[77.365,19.858],[77.39,19.821],[77.379,19.743],[77.436,19.729],[77.46,19.682],[77.54,19.669],[77.555,19.652],[77.617,19.638],[77.646,19.548],[77.75,19.522],[77.737,19.48],[77.699,19.439],[77.749,19.431],[77.848,19.456],[77.843,19.51],[77.862,19.52],[77.959,19.511],[78.013,19.465],[78.026,19.497],[78.068,19.467],[78.114,19.491],[78.147,19.553],[78.185,19.564],[78.195,19.626],[78.179,19.655],[78.131,19.667],[78.082,19.648],[78.047,19.699],[78,19.681],[77.934,19.739],[77.892,19.727],[77.861,19.744],[77.849,19.801],[77.892,19.871],[77.954,19.911],[78.019,19.916],[78.053,19.931],[78.078,19.901],[78.142,19.915],[78.201,19.903],[78.315,19.913],[78.341,19.884],[78.389,19.88],[78.402,19.837],[78.481,19.817],[78.531,19.822],[78.624,19.81],[78.707,19.786],[78.79,19.78],[78.85,19.76],[78.881,19.763],[78.903,19.737],[78.952,19.753],[78.959,19.803],[79.029,19.801],[79.066,19.815],[79.133,19.863],[79.152,19.893],[79.095,19.915],[79.115,19.988],[79.071,20.064],[78.955,20.168],[78.96,20.207],[78.922,20.237],[78.827,20.247],[78.802,20.298],[78.761,20.293],[78.708,20.309],[78.692,20.357],[78.641,20.434],[78.577,20.429],[78.537,20.463],[78.509,20.52],[78.413,20.511],[78.28,20.562],[78.264,20.579],[78.25,20.643],[78.28,20.696]]]},"properties":{"code":"D510","name":"Yavatmal","state":"MH"}},
{"type":"Feature","geometry":{"type":"Polygon","coordinates":[[[76.965,27.146],[76.937,27.139],[76.901,27.163],[76.91,27.207],[76.872,27.231],[76.851,27.173],[76.831,27.163],[76.808,27.105],[76.708,27.116],[76.644,27.095],[76.621,27.177],[76.562,27.175],[76.55,27.132],[76.494,27.114],[76.464,27.078],[76.409,27.126],[76.401,27.085],[76.364,27.056],[76.304,27.065],[76.288,27.087],[76.255,27.009],[76.251,26.958],[76.234,26.91],[76.254,26.888],[76.249,26.842],[76.192,26.801],[76.174,26.755],[76.171,26.679],[76.183,26.65],[76.153,26.567],[76.161,26.515],[76.181,26.486],[76.25,26.441],[76.323,26.454],[76.342,26.41],[76.394,26.388],[76.482,26.499],[76.416,26.582],[76.49,26.716],[76.494,26.724],[76.54,26.772],[76.619,26.776],[76.702,26.844],[76.768,26.877],[76.762,26.901],[76.794,26.932],[76.811,26.997],[76.863,26.993],[76.903,26.971],[76.953,26.916],[76.954,26.868],[77.012,26.87],[77.059,26.854],[77.074,26.857],[77.077,26.859],[77.078,26.859],[77.084,26.86],[77.078,26.859],[77.063,26.889],[77.018,26.928],[77.01,27.027],[76.975,27.075],[76.996,27.107],[76.965,27.146]]]},"properties":{"code":"D109","name":"Dausa","state":"RJ"}},
{"type":"Feature","geometry":{"type":"Polygon","coordinates":[[[77.084,26.86],[77.078,26.859],[77.077,26.859],[77.074,26.857],[77.059,26.854],[77.012,26.87],[76.954,26.868],[76.953,26.916],[76.903,26.971],[76.863,26.993],[76.811,26.997],[76.794,26.932],[76.762,26.901],[76.768,26.877],[76.702,26.844],[76.619,26.776],[76.54,26.772],[76.494,26.724],[76.491,26.719],[76.568,26.676],[76.603,26.677],[76.659,26.616],[76.661,26.597],[76.722,26.593],[76.762,26.567],[76.821,26.628],[76.915,26.682],[76.953,26.671],[76.981,26.611],[76.949,26.541],[76.827,26.479],[76.803,26.482],[76.777,26.439],[76.687,26.393],[76.676,26.35],[76.625,26.323],[76.603,26.336],[76.554,26.27],[76.608,26.257],[76.579,26.214],[76.669,26.166],[76.703,26.181],[76.741,26.154],[76.81,26.076],[76.815,26.07],[76.815,26.069],[76.851,26.034],[76.901,26.093],[76.945,26.101],[77.001,26.133],[77.03,26.171],[77.059,26.181],[77.091,26.182],[77.098,26.186],[77.103,26.19],[77.112,26.204],[77.112,26.214],[77.116,26.22],[77.12,26.226],[77.172,26.239],[77.201,26.231],[77.274,26.271],[77.315,26.31],[77.325,26.341],[77.373,26.366],[77.348,26.414],[77.311,26.44],[77.263,26.429],[77.227,26.531],[77.256,26.552],[77.358,26.594],[77.388,26.633],[77.349,26.711],[77.358,26.795],[77.294,26.78],[77.259,26.819],[77.229,26.794],[77.1,26.862],[77.084,26.86]]]},"properties":{"code":"D107","name":"Karauli","state":"RJ"}},
{"type":"Feature","geometry":{"type":"Polygon","coordinates":[[[76.81,26.076],[76.741,26.154],[76.703,26.181],[76.669,26.166],[76.579,26.214],[76.608,26.257],[76.554,26.27],[76.603,26.336],[76.625,26.323],[76.676,26.35],[76.687,26.393],[76.777,26.439],[76.803,26.482],[76.827,26.479],[76.949,26.541],[76.981,26.611],[76.953,26.671],[76.915,26.682],[76.821,26.628],[76.762,26.567],[76.722,26.593],[76.661,26.597],[76.659,26.616],[76.603,26.677],[76.568,26.676],[76.491,26.719],[76.49,26.716],[76.416,26.582],[76.482,26.499],[76.394,26.388],[76.342,26.41],[76.323,26.454],[76.25,26.441],[76.181,26.486],[76.158,26.44],[76.131,26.345],[76.148,26.308],[76.104,26.239],[76.03,26.252],[75.982,26.195],[75.994,26.116],[76.03,26.11],[76.069,26.13],[76.116,26.056],[76.076,26.013],[76.146,25.966],[76.19,26.011],[76.25,26.019],[76.249,25.913],[76.219,25.912],[76.222,25.862],[76.275,25.824],[76.322,25.809],[76.364,25.738],[76.466,25.786],[76.5,25.843],[76.572,25.835],[76.603,25.871],[76.637,25.87],[76.647,25.901],[76.739,25.897],[76.801,25.939],[76.846,26.006],[76.836,26.024],[76.844,26.031],[76.851,26.034],[76.815,26.069],[76.815,26.07],[76.81,26.076]]]},"properties":{"code":"D108","name":"Sawai Madhopur","state":"RJ"}}
]}